
drop table if exists oauth_client_token;

create table if not exists oauth_client_token (
  token_id VARCHAR(255),
  token LONGBLOB,
  authentication_id VARCHAR(255),
  user_name VARCHAR(255),
  client_id VARCHAR(255)
);


/*
drop table if exists oauth_client_details;
CREATE TABLE if not exists oauth_client_details (
  client_id varchar(255) NOT NULL,
  resource_ids varchar(255) DEFAULT NULL,
  client_secret varchar(255) DEFAULT NULL,
  scope varchar(255) DEFAULT NULL,
  authorized_grant_types varchar(255) DEFAULT NULL,
  web_server_redirect_uri varchar(255) DEFAULT NULL,
  authorities varchar(255) DEFAULT NULL,
  access_token_validity integer(11) DEFAULT NULL,
  refresh_token_validity integer(11) DEFAULT NULL,
  additional_information varchar(255) DEFAULT NULL,
  autoapprove varchar(255) DEFAULT NULL
);
*/


drop table if exists oauth_access_token;
create table if not exists oauth_access_token (
  token_id VARCHAR(255),
  token LONGBLOB,
  authentication_id VARCHAR(255),
  user_name VARCHAR(255),
  client_id VARCHAR(255),
  authentication LONGBLOB,
  refresh_token VARCHAR(255)
);
drop table if exists oauth_refresh_token;
create table if not exists  oauth_refresh_token(
  token_id VARCHAR(255),
  token LONGBLOB,
  authentication LONGBLOB
);

/*
drop table if exists authority;
CREATE TABLE if not exists authority (
  id  integer,
  authority varchar(255),
  primary key (id)
);
drop table if exists credentials;

CREATE TABLE if not exists credentials (
  id  integer,
  enabled boolean not null,
  name varchar(255) not null,
  password varchar(255) not null,
  department varchar(255) not null,
  version integer,
  primary key (id)
);
drop table if exists credentials_authorities;
CREATE TABLE if not exists credentials_authorities (
  credentials_id bigint not null,
  authorities_id bigint not null
);
*/

drop table if exists oauth_code;
create table if not exists oauth_code (
  code VARCHAR(255), authentication LONG VARBINARY
);
drop table if exists oauth_approvals;
create table if not exists oauth_approvals (
    userId VARCHAR(255),
    clientId VARCHAR(255),
    scope VARCHAR(255),
    status VARCHAR(10),
    expiresAt DATETIME,
    lastModifiedAt DATETIME
);


/*
INSERT INTO authority  VALUES(1,'ROLE_ADMIN');
INSERT INTO authority VALUES(2,'ROLE_RESOURCE_ADMIN');
INSERT INTO authority VALUES(3,'ROLE_PRODUCT_ADMIN');
INSERT INTO authority VALUES(4,'ROLE_NORMAL');
INSERT INTO authority VALUES(5,'ROLE_TALENT_ADMIN');
INSERT INTO authority VALUES(6,'ROLE_DEPART');
INSERT INTO credentials VALUES(1,b'1','oauth_admin','$2a$10$BurTWIy5NTF9GJJH4magz.9Bd4bBurWYG8tmXxeQh1vs7r/wnCFG2','OTHER','0');
INSERT INTO credentials VALUES(2,b'1','resource_admin','$2a$10$BurTWIy5NTF9GJJH4magz.9Bd4bBurWYG8tmXxeQh1vs7r/wnCFG2','OTHER','0');
INSERT INTO credentials  VALUES(3,b'1','product_admin','$2a$10$BurTWIy5NTF9GJJH4magz.9Bd4bBurWYG8tmXxeQh1vs7r/wnCFG2','OTHER','0');
INSERT INTO credentials  VALUES(4,b'1','root','$2a$10$/wRQk2cqHy8iNdwjL9Oi4OJxryHtgd9Vhr9lW.OfYU7Eo1zvgos/G','MASTER','0');
INSERT INTO credentials  VALUES(5,b'1','normal','$2a$10$Jtl1jNwzt8zKt2LiBnmVu.orQ.JYTxEZkCKEpQChSgUNw2nYolmSS','ZHIKU','0');
INSERT INTO credentials  VALUES(6,b'1','zhiku','$2a$10$X6p3ipWat9WLpG4fgO.vZu2ydntO2cQCjnzvdO3FFW7vrkve3X3t2','ZHIKU','0');
INSERT INTO credentials  VALUES(7,b'1','kp','$2a$10$Jtl1jNwzt8zKt2LiBnmVu.orQ.JYTxEZkCKEpQChSgUNw2nYolmSS','KP','0');
INSERT INTO credentials  VALUES(8,b'1','jg_bgt_admin','$2a$10$zLg.38q2cnfiVYAZSPhAXuuXLyXivAoZGT3Pn.78PxqEdJq9ez29a','DEPART','0');
INSERT INTO credentials  VALUES(9,b'1','jg_bgt_normal','$2a$10$ziMe8L.55/E6IEVmc9FODuElzMtpovNgs7onbGcrBd8p052G8cGEC','DEPART','0');
INSERT INTO credentials  VALUES(10,b'1','jg_jhcwb_admin','$2a$10$9Srg8NYVloT0GKnAe9H.VeD5Z4QLGjd.okVoVt6YhD.mUyKPAQ8RS','DEPART','0');
INSERT INTO credentials  VALUES(11,b'1','jg_jjhcwb_normal','$2a$10$xZX4xX/3oqPptb8sJj.Hju1WVQZS.61F2wdFAAGXhSOodeBsiJyoa','DEPART','0');
INSERT INTO credentials  VALUES(12,b'1','jg_zzrsb_admin','$2a$10$nJpwGBQSh6QjXxuk9XJzBOycDwFtsc2o6uBPGL1V8JlYc9hO/70pm','DEPART','0');
INSERT INTO credentials  VALUES(13,b'1','jg_zzrsb_normal','$2a$10$8DuV7CvWozwXO/znCSHJDOS0.b2ykxO9QDc3Xo.7SxnYEi0rKopwa','DEPART','0');
INSERT INTO credentials  VALUES(14,b'1','jg_dyxcb_admin','$2a$10$9q8tztVe9pLjEo2a6ZHAeOYi/cSQ.nryYlWekueizEUlAxFljbbzK','DEPART','0');
INSERT INTO credentials  VALUES(15,b'1','jg_dyxcb_normal','$2a$10$0yun3hMhkNgG7V7MKHgInuOYTyXJ7.rGABqEfNt4Bb9Gipj2fVjQ6','DEPART','0');
INSERT INTO credentials  VALUES(16,b'1','jg_xhxsb_admin','$2a$10$/sZBNaRvKBocF3qwnJ3IC.vDb8/C31Tq6y/aBfYPL4oXQj8YHIDva','DEPART','0');
INSERT INTO credentials  VALUES(17,b'1','jg_xhxsb_normal','$2a$10$vBM2SbEoMdo.4Fowo62WjuCIGuY1XAqVRRsAoj1ITwpBugFTrsHzS','DEPART','0');
INSERT INTO credentials  VALUES(18,b'1','jg_kxjspjb_admin','$2a$10$vmiZ5/6pr3tJdnGD6YkrmOCTFUM4omRtaXAqFOGD5YdfnAB/Fv98K','DEPART','0');
INSERT INTO credentials  VALUES(19,b'1','jg_kxjspjb_normal','$2a$10$jFAYJUAz97tjxVNSQjzlPOmu35UJ2LAd5Jq8l1mDp9T6DCgLdN0gm','DEPART','0');
INSERT INTO credentials  VALUES(20,b'1','jg_gjllb_admin','$2a$10$ZebDBjT.ja2c9VMmdenfI.aDT5zgtertaUzE86aw0xoL5BDOC7EZq','DEPART','0');
INSERT INTO credentials  VALUES(21,b'1','jg_gjllb_normal','$2a$10$tLFYpQh28xlxXyReamI./uKBm.awFA1jMpcHUdW3UUnFnjPF6e5HW','DEPART','0');
INSERT INTO credentials  VALUES(22,b'1','jg_jgdw_admin','$2a$10$ZY/kAtPLnILa1OPIMfdYIuobiG36AzRWKYhpMcBgwIFkcxcHZh6yK','DEPART','0');
INSERT INTO credentials  VALUES(23,b'1','jg_jgdw_normal','$2a$10$ua/WLq86BLsSPzH7uX/ixO9ncEUWbsvVLV27YF0uglSkgOngyIjCm','DEPART','0');
INSERT INTO credentials  VALUES(24,b'1','jg_jgltxbgs_admin','$2a$10$.CAviQx4LgJ1Pn9wa3SHveVoof1R.vYq/8CMeVkrXq5opI2I6hMF.','DEPART','0');
INSERT INTO credentials  VALUES(25,b'1','jg_jgltxbgs_normal','$2a$10$F2eRplpIFCPdbClux0ThKuQD9NsnoEV1AxREyTkzdc0HVCbMpALbm','DEPART','0');
INSERT INTO credentials  VALUES(26,b'1','jg_cxzlyjs_admin','$2a$10$8osrTMO3eBKphrRLktvLpOMFh7yxThm3ZnDEkK8muRMNIVTjbiKxm','DEPART','0');
INSERT INTO credentials  VALUES(27,b'1','jg_cxzlyjs_normal','$2a$10$83vZKUDX0/YjniSzaZ0HOexC.iF2lkz72MQufg/S/wkznm/PB2y4a','DEPART','0');
INSERT INTO credentials  VALUES(28,b'1','jg_zgkpyjs_admin','$2a$10$7jcX24H6P1PpsFq/UPSFHuPD9fmxQ8hx3zM9osCJK8EBLebVFnOFe','DEPART','0');
INSERT INTO credentials  VALUES(29,b'1','jg_zgkpyjs_normal','$2a$10$AfJO1xvcJcO84g1EMATzd.k.My3m9tBTiULGByrd3rNXD37axg7Ni','DEPART','0');
INSERT INTO credentials  VALUES(30,b'1','jg_xhfwzx_admin','$2a$10$J/U5W6ddJsCUeH0p82q/u.6HrtIInZHohYxKKn/aoxWrFxK.W5ciC','DEPART','0');
INSERT INTO credentials  VALUES(31,b'1','jg_xhfwzx_normal','$2a$10$clMxWD7Rr/6.Cea8E3ATEeEv/BSQLpfn7yd4ibeuulUrGxVJ7neKO','DEPART','0');
INSERT INTO credentials  VALUES(32,b'1','jg_xxzx_admin','$2a$10$Tkz09t61029QyF32UhtJUuwAQgzgmNUdHDM17Sb83u3U2qousXHpa','DEPART','0');
INSERT INTO credentials  VALUES(33,b'1','jg_xxzx_normal','$2a$10$kg7aOBIrc05Pg9C5eUFFsOzXlb0sl7DzJsX8DxFJAwNJuHBQ4OxsW','DEPART','0');
INSERT INTO credentials  VALUES(34,b'1','jg_zgkjg_admin','$2a$10$jhExx/r8bk932hiKN1zAz.k83I9gPK1SqFcU4bONGhU7YWED2hba.','DEPART','0');
INSERT INTO credentials  VALUES(35,b'1','jg_zgkjg_normal','$2a$10$y4Y9fhDVNcN/C37mv/zVP.37Cn6W0Z/UJ/ABEuQoo.amNeg94O5nm','DEPART','0');
INSERT INTO credentials  VALUES(36,b'1','jg_zgkxqsnkjzx_admin','$2a$10$AKVub8eYoBXFkS6BD39daeqr0YoYmDtz6vpM4.ucYagkZm8hlePKy','DEPART','0');
INSERT INTO credentials  VALUES(37,b'1','jg_zgkxqsnkjzx_normal','$2a$10$gFyq/v.vTfcghnyZHLQSMu85iZ4YxzvA1mS6urgq7wFBLlkr/dQ8u','DEPART','0');
INSERT INTO credentials  VALUES(38,b'1','jg_qycxfwzx_admin','$2a$10$qGps7dnKVqWBagDmz51PXecBji4okHGzpAFt9Z2lNIeUbigieL.Bi','DEPART','0');
INSERT INTO credentials  VALUES(39,b'1','jg_qqycxfwzx_normal','$2a$10$gecL8M25d2d1h5SRHlFrVe1qOR86pYFWmJ83aSXb6lSrzDtIeVlq.','DEPART','0');
INSERT INTO credentials  VALUES(40,b'1','jg_zgkxnczyjsfwzx_admin','$2a$10$ru3cP7rCDgaJ.6xgS/Y0RuyHwYE6s7.4PgWpevL/46KP4/UYqOnKq','DEPART','0');
INSERT INTO credentials  VALUES(41,b'1','jg_zgkxnczyjsfwzx_normal','$2a$10$IAP2TLtjK104gNQX.wjD0ekwpw8/buM3BwKy.jLxKGWkrPUfnOSv6','DEPART','0');
INSERT INTO credentials  VALUES(42,b'1','jg_zggjkjjlzx_admin','$2a$10$FGX0kvvIp18f3jIXuyaPWOJ1uc2YJc4pR92j3WXWtXVIrkUN7MydK','DEPART','0');
INSERT INTO credentials  VALUES(43,b'1','jg_zggjkjjlzx_normal','$2a$10$pXAmIsYgxG2Xn.jmOGb1y.fYJEu9tbFs/mAmhTbWKuKkvQFIRqZGK','DEPART','0');
INSERT INTO credentials  VALUES(44,b'1','jg_zgkxkxjscbzx_admin','$2a$10$NeBzEbv.aygQHUECsvoam.zIap.qeLic64o3AwknBh4QEoxGuIrVC','DEPART','0');
INSERT INTO credentials  VALUES(45,b'1','jg_zgkxkxjscbzx_normal','$2a$10$TDzDTcDWx1i2zjbqYuog6OCaHGmUUTCXbg9gc/K4akNJvOnlhhaaG','DEPART','0');
INSERT INTO credentials  VALUES(46,b'1','jg_pxhrcfwzx_admin','$2a$10$ij2oMBpcuCrgKZBieGCP6O5HTJoh5K/fQW66ikaWpjG.KYq4GM3DG','DEPART','0');
INSERT INTO credentials  VALUES(47,b'1','jg_pxhrcfwzx_normal','$2a$10$.svO8cR5iC/b8Y6XYytvoeQ.ZILfNUqZ8UpZ/jz9NFg0P7aSAORwG','DEPART','0');
INSERT INTO credentials  VALUES(48,b'1','jg_kjdbs_admin','$2a$10$.j8eEp/bv75WwijB2AsYuOd0QuXseuwf5kBLmG7vMcbGm3PE4Ps5i','DEPART','0');
INSERT INTO credentials  VALUES(49,b'1','jg_kjdbs_normal','$2a$10$mU1KID7V2hnvOfWIzmyHn.NKCnWiB/oUQu58thwAnfPBavOgNEcr6','DEPART','0');
INSERT INTO credentials  VALUES(50,b'1','jg_jgfwzx_admin','$2a$10$QnmtGyhLhMjytG7xGhYqVeCS6Rgpel1Z2wZYVuh2e9LKDp1ZUY8y2','DEPART','0');
INSERT INTO credentials  VALUES(51,b'1','jg_jgfwzx_normal','$2a$10$6l5EGZe1mPFNg4brITpIYOt4yLO768GsC.uiT2evo1u1aViZtPie2','DEPART','0');
INSERT INTO credentials  VALUES(52,b'1','jg_zgkjht_admin','$2a$10$iaVxKDcwadCJEwlhrgS5/.FJ8Fvu.6yeX2PD4ZUoyrUHHYLUohi5W','DEPART','0');
INSERT INTO credentials  VALUES(53,b'1','jg_zgkjht_normal','$2a$10$Ctq9k6H6sUpfCRUyIDp6meLOilwvrSq92OIG2k0.odWNwGmT4ek7.','DEPART','0');
INSERT INTO credentials  VALUES(54,b'1','jg_xjskfzx_admin','$2a$10$0dFEb1GalyoHpasjyvipsuwIPmxxXlM54RMXapGdLh4O5Y3lruoaK','DEPART','0');
INSERT INTO credentials  VALUES(55,b'1','jg_xjskfzx_normal','$2a$10$OPOREi.YvzqX8pxIa6inMOYx5hwiroysN8QnZIgNegpB7WUsrtUbu','DEPART','0');
INSERT INTO credentials  VALUES(56,b'1','jg_zgkxjscbs_admin','$2a$10$o7yHmhpxisvhdmwA8eTsKuHf2BuL69lHiijENB4doEQdz5tkWjHbu','DEPART','0');
INSERT INTO credentials  VALUES(57,b'1','jg_zgkxjscbs_normal','$2a$10$MCKDV8q24KsH0rpADP8RKebwjbbV1EpOUsWD5/QXn91leyPEOKlF.','DEPART','0');
INSERT INTO credentials  VALUES(58,b'1','A01 _admin','$2a$10$jMBQbkHieHxFidOZFHdHPuWcDMLAGQYu3rHjsRUqeGwxwnBBoXNO.','DEPART','0');
INSERT INTO credentials  VALUES(59,b'1','A01 _normal','$2a$10$rreGUuS5oSGvsUr2JmYNUOQpj/0bgVmslS8.BrWKdv2sRihh6E3E2','DEPART','0');
INSERT INTO credentials  VALUES(60,b'1','A02_admin','$2a$10$.HBtn0g9ARI8YkKSoG02huSDF336lGz4w1J5MmAuMa6OJE3FS7ojS','DEPART','0');
INSERT INTO credentials  VALUES(61,b'1','A02_normal','$2a$10$gccSffKhEzzSfkESdKnMXe0r.aWR4LLtMiAsFSTvkX/rhBIs5P6b2','DEPART','0');
INSERT INTO credentials  VALUES(62,b'1','A03_admin','$2a$10$lIdcIuFHuoCLV3h49B4E7uGA.Uq26VOnd4sWokpXrWRIfinbbirIy','DEPART','0');
INSERT INTO credentials  VALUES(63,b'1','A03_normal','$2a$10$cKvcy1q.ptGcB.wFumMBIeoQXBvS58lIzDS3Zz6tMnKiYtpWDLiwa','DEPART','0');
INSERT INTO credentials  VALUES(64,b'1','A04_admin','$2a$10$An/9bkoFPFRohLljp//FR.0ce5T20VoFKxDIq3ghG0gqoGv4ZSkje','DEPART','0');
INSERT INTO credentials  VALUES(65,b'1','A04_normal','$2a$10$Q5mmKEwTpl8H2sw6LI2id.P3gfSgI6CAH595LoUilAI.rSYjLbwg2','DEPART','0');
INSERT INTO credentials  VALUES(66,b'1','A05_admin','$2a$10$mRieK0KvphvWLhaRZv53ce0tIkF3pzc0V2IV/hh5vz.fie7saVZ8W','DEPART','0');
INSERT INTO credentials  VALUES(67,b'1','A05_normal','$2a$10$wepOTyN13jb44P4XEN.Rn.DrrBhN361JbA92Baxw5rpfG3T8H7/2G','DEPART','0');
INSERT INTO credentials  VALUES(68,b'1','A06_admin','$2a$10$MJGClmJBJN1norcBPBax6ezpUGqyBB41ZG8bQsQOi5I85Ufm/rLQS','DEPART','0');
INSERT INTO credentials  VALUES(69,b'1','A06_normal','$2a$10$2CVv/kP.cvI2Lxvy3.Oo.uEjLi2Xr9H898PHfVByfImApsBJTE.KG','DEPART','0');
INSERT INTO credentials  VALUES(70,b'1','A07_admin','$2a$10$NmdwHqjtC191wRVNLSACiODnXrHwf5EECgW11oQGhoqzurcg6qY4S','DEPART','0');
INSERT INTO credentials  VALUES(71,b'1','A07_normal','$2a$10$YVKiOItYlYMqOgSTaVqfeuvVARpNAoF1bZz2C4nzJfA0ZPjUs8vEW','DEPART','0');
INSERT INTO credentials  VALUES(72,b'1','A08_admin','$2a$10$pIMVP115QJ/UFvCR7hu7DubmFnZAyAi5hKJj4rHzffBQhyOO9BQ/6','DEPART','0');
INSERT INTO credentials  VALUES(73,b'1','A08_normal','$2a$10$sxEX5MUTDjNpnBx3//EHluvwW4u7tiCXsMVe0bUmI1vfDUg.9XEgy','DEPART','0');
INSERT INTO credentials  VALUES(74,b'1','A09_admin','$2a$10$lhpfj5xKRVoBHFH58Q4l4uBS0vuDGAbx9QAbpKhLj50aN7t4W6ZC6','DEPART','0');
INSERT INTO credentials  VALUES(75,b'1','A09_normal','$2a$10$sLi1mByIXTQ3NfT4IePW8OayoFKonGHUyL386STA.4zxfRFEkN09q','DEPART','0');
INSERT INTO credentials  VALUES(76,b'1','A10_admin','$2a$10$jq/9kgNupgcF5nX4qwRFeOhfa5fjnjxMqiGLWXQDSFaV/KxjQwyCK','DEPART','0');
INSERT INTO credentials  VALUES(77,b'1','A10_normal','$2a$10$E5EMlXZX9YG2QhnqwKK3LeMRpitlpwR2i/BKulGf6PFrV0FdJkjHm','DEPART','0');
INSERT INTO credentials  VALUES(78,b'1','A11_admin','$2a$10$/G2D4Dx4KpUHttobENtYu.DQ7pTXNLOrErwvTja5mu/s/lDeGmX3O','DEPART','0');
INSERT INTO credentials  VALUES(79,b'1','A11_normal','$2a$10$Y3677vpS76vyK9cPagC/DuuX7V5V0CzaoS1jOQsmYJh9wcPQfHg4i','DEPART','0');
INSERT INTO credentials  VALUES(80,b'1','A12_admin','$2a$10$W8.WXJzzCCkiCJGFEtszvuz9aKqsx0VduH5Xf4Y1SDal1FwhhqQyy','DEPART','0');
INSERT INTO credentials  VALUES(81,b'1','A12_normal','$2a$10$KvJG8geyM2Le13NXWNlFOOs8ziIdYdTgsBBd7MGVS7SidAdsSempK','DEPART','0');
INSERT INTO credentials  VALUES(82,b'1','A13_admin','$2a$10$b9sPifAGa/5TLU.1EaxbMeiXzoShKrdY8NjfW1VeXMvBJeUaX87BG','DEPART','0');
INSERT INTO credentials  VALUES(83,b'1','A13_normal','$2a$10$JqzG7qtTuS7wtAJmgCme/eMRmbREkFoveVCnpW54DJy5WEsY1nDUa','DEPART','0');
INSERT INTO credentials  VALUES(84,b'1','A14_admin','$2a$10$B/zMawr1rnsog8Q..CPcgeB/O9hqpFFaiqv.Hu7BAFWvtBsViIx2m','DEPART','0');
INSERT INTO credentials  VALUES(85,b'1','A14_normal','$2a$10$h2OpRfWgiagcmvOli2RNiugGlPSzhI/e2mj1kH0MTKKjL/BbOe6sW','DEPART','0');
INSERT INTO credentials  VALUES(86,b'1','A15_admin','$2a$10$Fmv/a/W8l5Lt8OdymhLAIuwgdoSTNJQp8yOSwZM/GBojZvYIWy6mO','DEPART','0');
INSERT INTO credentials  VALUES(87,b'1','A15_normal','$2a$10$lGckD1HEqjorsSrtOG7AKOJT/wfblXPZdUQXByYvUQyIFqnx/0U/O','DEPART','0');
INSERT INTO credentials  VALUES(88,b'1','A16_admin','$2a$10$7IcpQ1wtwL.ke5ncpEWHA.G9N5LvpKtWV.m/nRwcaGO2CEu/L.53C','DEPART','0');
INSERT INTO credentials  VALUES(89,b'1','A16_normal','$2a$10$7Hip0GcYklPo3sXtYj87JOnX528hLjG1uFsh8z18LqFxNlYdm9LjG','DEPART','0');
INSERT INTO credentials  VALUES(90,b'1','A17_admin','$2a$10$TATUWX8JrY96PPX1ZcAwKOywDRToqjckLLahsdBzRufM8SUcqCIfq','DEPART','0');
INSERT INTO credentials  VALUES(91,b'1','A17_normal','$2a$10$erdzeF7vZdIypuaGKdtG6Oy7fK5K2LPsPUB/wss3OzLwyWJFYTZJu','DEPART','0');
INSERT INTO credentials  VALUES(92,b'1','A18_admin','$2a$10$6xS1HT6C2eb95Uy3ayQUzeIydrFkcRDsGGxjGdl1lzaCbuL7nrojq','DEPART','0');
INSERT INTO credentials  VALUES(93,b'1','A18_normal','$2a$10$lJissIuqiyzgkxNFTbg3uuhNd8pdORU/CIfLpXI7.IHG2UshDjKL6','DEPART','0');
INSERT INTO credentials  VALUES(94,b'1','A19_admin','$2a$10$jpc9tNKCM/yqiqPBom6jP.Lz1J94zG1hvnIQaosAzDugiOozbMRpW','DEPART','0');
INSERT INTO credentials  VALUES(95,b'1','A19_normal','$2a$10$uTRzW20FVqRFLrYpaUZMpe69tIth.LlBkTJc0E9R/9bSuMPAd2ZKi','DEPART','0');
INSERT INTO credentials  VALUES(96,b'1','A20_admin','$2a$10$hCb2QB9oEq6L9hqKaS9UdetAc4M8ZKe0AOdIkz03s6uJzWYszjcle','DEPART','0');
INSERT INTO credentials  VALUES(97,b'1','A20_normal','$2a$10$UdldA.0d61l4sofQDbMZTeXCpMTRHYAiqH6XB6DradK7vCTMoXVTm','DEPART','0');
INSERT INTO credentials  VALUES(98,b'1','A21_admin','$2a$10$dqjuc9ePcDEv6QaolBDHF.3VIlqLQfJi/ndy5kmjf0dQ7Qubn9v7O','DEPART','0');
INSERT INTO credentials  VALUES(99,b'1','A21_normal','$2a$10$pNq4pEZjU3OpFhZHZiA2ce1lShLh8onWngqj5uhyBVJQLgoMnwxiu','DEPART','0');
INSERT INTO credentials  VALUES(100,b'1','A22_admin','$2a$10$zZw15P2CGCliLvNU6Kx62.b7PGE5TwYruYkEYIR3ZTwWMqtmot/a.','DEPART','0');
INSERT INTO credentials  VALUES(101,b'1','A22_normal','$2a$10$EEBWtz5.JW3FCu4no/Lg4.IOp6Bq0rR8FRdeFrRELSGJgbmfdWoiS','DEPART','0');
INSERT INTO credentials  VALUES(102,b'1','A23_admin','$2a$10$Z/NKgcvIwAJJZvorrUS62O0mcvwGwHiu7uT/ZoLUfGgD0o6o9D/i2','DEPART','0');
INSERT INTO credentials  VALUES(103,b'1','A23_normal','$2a$10$BK68Ae6I1056sfEGGki9z.y4gjS2d2hCF7860kMP2oiNkbdGpe51y','DEPART','0');
INSERT INTO credentials  VALUES(104,b'1','A24_admin','$2a$10$MF.YgC9J5Unrj367kHMhuuePhsmio669UW3yL/IL9I1edbMY4yp2W','DEPART','0');
INSERT INTO credentials  VALUES(105,b'1','A24_normal','$2a$10$ZacYbnnHgd7Eul19rCYmkuTTCo6BbpB2u30648mN4e4/tuF6e031O','DEPART','0');
INSERT INTO credentials  VALUES(106,b'1','A25_admin','$2a$10$YGTL3lgUmrZNS9qvecDKquujBE/wmOMAY.BimKb2xx.ZFlDq2qc4O','DEPART','0');
INSERT INTO credentials  VALUES(107,b'1','A25_normal','$2a$10$lGeiRBYnkNunM2N3DRzTde3wd6aYzn8KdkfC9PYLlns67iTOf19bu','DEPART','0');
INSERT INTO credentials  VALUES(108,b'1','A26_admin','$2a$10$SFglGbOcZmNTD5SP/JrwReFlu0sLdzC5Ws4EDQA6LgyJKjrJQ6byi','DEPART','0');
INSERT INTO credentials  VALUES(109,b'1','A26_normal','$2a$10$6xmNvv6rKJ.nXj4mVB90aOwA0j96DUujKzZJMQSKeotXBvce6pnaC','DEPART','0');
INSERT INTO credentials  VALUES(110,b'1','A27_admin','$2a$10$QBx1URWvkdtf0i9wJMwnrOrlq6GHEteegnd1v878tvVaJdZROYjTi','DEPART','0');
INSERT INTO credentials  VALUES(111,b'1','A27_normal','$2a$10$Am7hMaM8Q4QE1Vfsb3s2surXunNDd7LsGOULdhJtdN94JIyK6gR4K','DEPART','0');
INSERT INTO credentials  VALUES(112,b'1','A28_admin','$2a$10$nzLAkRj9JgKmL4.4bB4KP.GHHYKoX2ngLZjP6TXn8AiH2/MEgkY/u','DEPART','0');
INSERT INTO credentials  VALUES(113,b'1','A28_normal','$2a$10$Hu2XEApWzQ08/KBbArKZUO89LEheTXcrmpaQUAnX9nvltUmGKRwJ6','DEPART','0');
INSERT INTO credentials  VALUES(114,b'1','A29_admin','$2a$10$dGKyOh3RecqXqthNTZLage8Ht76is3oKBPK/37Npe.rPxNANYxKma','DEPART','0');
INSERT INTO credentials  VALUES(115,b'1','A29_normal','$2a$10$SjKQA49rLareOeDapikMUe/ytl1rSQcz.dplK.tJctGuU7axpbCGK','DEPART','0');
INSERT INTO credentials  VALUES(116,b'1','A30_admin','$2a$10$0bfntT8YOCk2G7eVjnAGy.bsRG79Be.VO/hiamDj4AvgN2ti1yOxa','DEPART','0');
INSERT INTO credentials  VALUES(117,b'1','A30_normal','$2a$10$16HVkFnztNPQkYU13zud.OCae5nncFilAmGpbNIYSlG8IIT4GVLRC','DEPART','0');
INSERT INTO credentials  VALUES(118,b'1','A31_admin','$2a$10$fz86U4.Cyh.7VRL8pMspXOxfJoqDBxYhzF3wgPGidyP10J33RobuS','DEPART','0');
INSERT INTO credentials  VALUES(119,b'1','A31_normal','$2a$10$1H1QiclYXuiLjFNU56IuieMU9ulk9H14NAOE6G2R8xCTbkXzd5jxq','DEPART','0');
INSERT INTO credentials  VALUES(120,b'1','A32_admin','$2a$10$9xqDtWwWRxtQbLfA2bixHu7TNy5rajTKWuL.LRk5sTgXxZdmsBJP6','DEPART','0');
INSERT INTO credentials  VALUES(121,b'1','A32_normal','$2a$10$M1Qi1YpN0VXPsL0yCou7D..cmmBiFzA3WXUjtB5XwQuLUBejIOBPG','DEPART','0');
INSERT INTO credentials  VALUES(122,b'1','A33_admin','$2a$10$wBt8Z.Kr27gUsZvSY5CttufeclY.1fqKmaZvvS55Set2OkT9QH8VO','DEPART','0');
INSERT INTO credentials  VALUES(123,b'1','A33_normal','$2a$10$3GEiDN0RodY1VH8jRw/2LOaU4IhxcOpG1RK/MQNg/HGvdADwKLqMS','DEPART','0');
INSERT INTO credentials  VALUES(124,b'1','A34_admin','$2a$10$CCan7DyZvP3kCP/ydxcdz.VacAbNL5vzhTWuMJV0/1HBUTNFANjAa','DEPART','0');
INSERT INTO credentials  VALUES(125,b'1','A34_normal','$2a$10$CflzTI58aSRBhQcvMgeI4euQWKIBn6Z76Vso0UG5DwIpA14RAMzSC','DEPART','0');
INSERT INTO credentials  VALUES(126,b'1','A35_admin','$2a$10$bMMCMi/qEvTic7c8ctoS1e2x16fp6Oqrj8H93B7Kr/zJEW2oR8DMC','DEPART','0');
INSERT INTO credentials  VALUES(127,b'1','A35_normal','$2a$10$JqPFPQnYQ69Ja3w31QT1Yusswgd8p/qwSPz8USU4zSdSf6x8ItDpO','DEPART','0');
INSERT INTO credentials  VALUES(128,b'1','A36_admin','$2a$10$Eq6wgX.9TRaR4F.R24OeP.BXR7rprIER9ziaCutwz6SGsHBwbk4A.','DEPART','0');
INSERT INTO credentials  VALUES(129,b'1','A36_normal','$2a$10$CGrLn1k3ua1znIK/KDkPwOwNDsL5gYXQEX9okIKUyYlwooiDuDFgS','DEPART','0');
INSERT INTO credentials  VALUES(130,b'1','A37_admin','$2a$10$SUsRmsjh/YOQWoq2V4BMS.bozY7YFX7QWX4t3n7zY2kVH.RGysZDW','DEPART','0');
INSERT INTO credentials  VALUES(131,b'1','A37_normal','$2a$10$XTvpPczxlN2yTU0nurlH0u75lFDY.x3WkBbIAvdFJVrT2f/lAoD/y','DEPART','0');
INSERT INTO credentials  VALUES(132,b'1','A38_admin','$2a$10$EeSuMQ/2W8De4RVCvZZle.VwKCXuip5ZznCGZEvicwuQND7paRbhy','DEPART','0');
INSERT INTO credentials  VALUES(133,b'1','A38_normal','$2a$10$AzuEju72SrY/1McdnBLBtOkYueWh9meviMkL988w8w8kvHv8ZfROy','DEPART','0');
INSERT INTO credentials  VALUES(134,b'1','A39_admin','$2a$10$tttoKj0hktGSzgiTtkUxyuxDU7u52i6AEpfnzo62AGesLKnlAJNeq','DEPART','0');
INSERT INTO credentials  VALUES(135,b'1','A39_normal','$2a$10$Bo..q9Q.dqEenKOFz2t7dej2.582y7/LYua.C2OcAhFflVkuggaca','DEPART','0');
INSERT INTO credentials  VALUES(136,b'1','A40_admin','$2a$10$X42vAK0VxdotJET5MB5H0uutCgA7hXIjYprhAjMy6mrPsKTgl2dbe','DEPART','0');
INSERT INTO credentials  VALUES(137,b'1','A40_normal','$2a$10$KeyhqC3Su/Vn50cdPBmh8uV8NrIB6HegvOUaBFcJBq8Km3xulCpnG','DEPART','0');
INSERT INTO credentials  VALUES(138,b'1','A41_admin','$2a$10$HYObJoODLyWSsZ.J0sq1MuE5/MDKEVxJoMi2i2Xta92Lu0hKEyUKe','DEPART','0');
INSERT INTO credentials  VALUES(139,b'1','A41_normal','$2a$10$tk00UVq.SMPKKPDG5W4RIesV5k0SXiGMrtH7wvfEFnlj/YRNFJYy2','DEPART','0');
INSERT INTO credentials  VALUES(140,b'1','A42_admin','$2a$10$q75MoLLWJHbhCpCEtktVcu6dW68iC19kCDe/OcC19jrKsVsUyTJMO','DEPART','0');
INSERT INTO credentials  VALUES(141,b'1','A42_normal','$2a$10$30ZO8tS3/uv8IVrX9ZSj2OLVSU.Q3gTo9i3suMKyrFNHSZUrk2chO','DEPART','0');
INSERT INTO credentials  VALUES(142,b'1','A43W_admin','$2a$10$cRytBDQlyDRU/RGUPQ6zAO9lwQsXVRAkHlBYA7oajQX3kqMO3AtCe','DEPART','0');
INSERT INTO credentials  VALUES(143,b'1','A43W_normal','$2a$10$0mxuLEauhjH3CBYdEN0eAe4ZwrNSjD8ZJobGLKFIZJ6aybku/TSwW','DEPART','0');
INSERT INTO credentials  VALUES(144,b'1','A44W_admin','$2a$10$KID9Z4tfEZgUMryZ7WdScuHSSAAArX7i3WyXUj1T.jdUs8D0p8LT6','DEPART','0');
INSERT INTO credentials  VALUES(145,b'1','A44W_normal','$2a$10$HNoFJ0qxIYDnMAcZr/23T.IwOoBRevkUsAWV/xHeF6kJsVrQEMCtK','DEPART','0');
INSERT INTO credentials  VALUES(146,b'1','A45G_admin','$2a$10$xYtGCbsQVYGd/rOTWn8sreP2fslVOZyCe8i.pjhrWEW0ENzUo.lXG','DEPART','0');
INSERT INTO credentials  VALUES(147,b'1','A45G_normal','$2a$10$H/9jkcUIDtk7.rFhUC3inuQwWcYfSPOSF7exl10YyDSkR0gi2ej9m','DEPART','0');
INSERT INTO credentials  VALUES(148,b'1','A46G_admin','$2a$10$T1be.esWi7Ykne6NbdQhB.aBifLg3IsXY1fXJG/RvFaekaJwkT1tq','DEPART','0');
INSERT INTO credentials  VALUES(149,b'1','A46G_normal','$2a$10$SNZYiq.ch07OYVRnzIYsauZlVYXComgyZ5cNhIFVfL5qghY2WNIsy','DEPART','0');
INSERT INTO credentials  VALUES(150,b'1','B01_admin','$2a$10$2eEdV4CNF4ADblLjSklJReQat4sS0dOUNUFtwtE61xu3f4BEy6vTa','DEPART','0');
INSERT INTO credentials  VALUES(151,b'1','B01_normal','$2a$10$gT9sKcdNpbEDcbofGvWJye4paSmXLUNrxvoTKjDaLpn0JeEattWre','DEPART','0');
INSERT INTO credentials  VALUES(152,b'1','B02_admin','$2a$10$G8ZriPkwlD/CTug3asfLQ.q/wL8HNLxCm5JFuixiPks0PQyFD5Jhu','DEPART','0');
INSERT INTO credentials  VALUES(153,b'1','B02_normal','$2a$10$NDibJUSztziRZ6F9LTTGR.zZyX.NFc3ORz/cvfVaSSAiUTxiOscfS','DEPART','0');
INSERT INTO credentials  VALUES(154,b'1','B03_admin','$2a$10$SyAzelTrbVhdOY/ZvkJ2c.Lk1qUYY9RXCNlIJ5.l/UDVPAan9GFsy','DEPART','0');
INSERT INTO credentials  VALUES(155,b'1','B03_normal','$2a$10$pygCP2PhSGsBZQ73yRZoperPrtg3KjRVZ/8T2o9Tljiu66F86itwy','DEPART','0');
INSERT INTO credentials  VALUES(156,b'1','B04_admin','$2a$10$yY0u2HzA3Jpw3hJlUeJ8F./D.YEFD8kBTC1Z6NsxOSgDpXQv6bBoa','DEPART','0');
INSERT INTO credentials  VALUES(157,b'1','B04_normal','$2a$10$ibsuylSa1X7cQjYkWTDti.h2m1wc6ZK.nHMs.WNP218NSQo3tlF5O','DEPART','0');
INSERT INTO credentials  VALUES(158,b'1','B05_admin','$2a$10$GwkYvat9cULnEpBRSlw3zeC.yqB3CCsyUr6HSQL1M1Tm8uk2HQ2mO','DEPART','0');
INSERT INTO credentials  VALUES(159,b'1','B05_normal','$2a$10$r2uwIDFFH2wrsSoW.U0L1u1hvoBo5N0G228smR/JjT5HG6dAUeMaq','DEPART','0');
INSERT INTO credentials  VALUES(160,b'1','B06_admin','$2a$10$szjU.vYtpB49dIpSOK9sruntj3HYdHQT4N3.KgwepuPeIjo.8xBQe','DEPART','0');
INSERT INTO credentials  VALUES(161,b'1','B06_normal','$2a$10$AV7FKbIznRJI6hk2FXGJ4.3sEWQfTZ8nErUTwKsRjlLQmQ8.miyDS','DEPART','0');
INSERT INTO credentials  VALUES(162,b'1','B07_admin','$2a$10$V8OKJ5Jn07S75fVFTuEve.cRUjHca2QLqVdZDh8HlCNzQujXGY78q','DEPART','0');
INSERT INTO credentials  VALUES(163,b'1','B07_normal','$2a$10$gRTc8O6TcPD3VT39xQPXHeExaOyIw23dNob/ESFIMdd0HYQYpIn32','DEPART','0');
INSERT INTO credentials  VALUES(164,b'1','B08_admin','$2a$10$VXz8xyyuefaxjDIrjCXlpuxcYubhJ9tuNVkROERi3LWL99PDi8r/6','DEPART','0');
INSERT INTO credentials  VALUES(165,b'1','B08_normal','$2a$10$oartocw3lkY8IV9H/lUsfeiviXoejIMC0z7OVU.XAq4lcgDqUv.c2','DEPART','0');
INSERT INTO credentials  VALUES(166,b'1','B09_admin','$2a$10$HKGrziIsWQuPU60x9GotQuugKhCQvc5qjrj9cdfMfBouU9IElhBY.','DEPART','0');
INSERT INTO credentials  VALUES(167,b'1','B09_normal','$2a$10$rQ.YgrQj77eAoMkeKEio9ut5On5EkL45Y09MvB6gh1rfwnK65inOu','DEPART','0');
INSERT INTO credentials  VALUES(168,b'1','B10_admin','$2a$10$jWCoxl0g3e6wMkx.svbnRueZyf4OwVbRxOpvO3e.fzklxt1QLb6qG','DEPART','0');
INSERT INTO credentials  VALUES(169,b'1','B10_normal','$2a$10$r5C1yVdghIMUZ/w/dx84XeEi88E1yysOK8T4/i8ean/48GoXze5lK','DEPART','0');
INSERT INTO credentials  VALUES(170,b'1','B11_admin','$2a$10$3R7oCcGSTRTe8RinENWXweFJH3B/RGDpoe.yQ1Y.XNuELJQ2j4vNS','DEPART','0');
INSERT INTO credentials  VALUES(171,b'1','B11_normal','$2a$10$pxcKQpRNf95T4IWg8O1mZezU3mpLD3BsFYjOy4MVBwv8cckcEia/e','DEPART','0');
INSERT INTO credentials  VALUES(172,b'1','B12_admin','$2a$10$e8JMkLPNS5TYgjjL/ORNCeCRiwlxxqdYYH071cZXpFBMZ.Cus24iq','DEPART','0');
INSERT INTO credentials  VALUES(173,b'1','B12_normal','$2a$10$uIiKJvjQVf30a42487AmDOMI3h20iymAh16Mf2RY.pOjgGr3/rZli','DEPART','0');
INSERT INTO credentials  VALUES(174,b'1','B13_admin','$2a$10$Gab6ATJWsnMHixgXuaA/SOsoOfJpIYReyA2stV6AhkFT/zjn2i9Bq','DEPART','0');
INSERT INTO credentials  VALUES(175,b'1','B13_normal','$2a$10$lHslYF20eqOq6kzdvg8CRO/wCuErzkBEXinPdsHCF9dm7DeGd3BYy','DEPART','0');
INSERT INTO credentials  VALUES(176,b'1','B14_admin','$2a$10$GOJOt7NnuH53G77u0vUt2Ov0UhWkBPDPpcGMjPyBlPslm5vwhsx4u','DEPART','0');
INSERT INTO credentials  VALUES(177,b'1','B14_normal','$2a$10$uUBIsj2Rtm/2GT/tso/XDOJihVNhQ9rgPMlojAFesPxRT5y3Uwog6','DEPART','0');
INSERT INTO credentials  VALUES(178,b'1','B15_admin','$2a$10$9OfRHfqC8kvP/ed7JC99MuVnl/Kp7.tJUOeeTF4HTLKY57M7wIt2m','DEPART','0');
INSERT INTO credentials  VALUES(179,b'1','B15_normal','$2a$10$YZIaEPsYYBFJlG5qQPDIBuJy0htATc/9wwQLiH/LvJ6WpwHL9cM9G','DEPART','0');
INSERT INTO credentials  VALUES(180,b'1','B16_admin','$2a$10$7p/91sx.tdLSWyvifc851unM6czqMliUS84a6EebqyIRgHoHsR9.i','DEPART','0');
INSERT INTO credentials  VALUES(181,b'1','B16_normal','$2a$10$rt5A8mRTzR.KPd2Dfx6r3ejLV6tLx239tWKePh3G5fkI.7dm4PkNe','DEPART','0');
INSERT INTO credentials  VALUES(182,b'1','B17_admin','$2a$10$LL8OE0Asczu9oDWoneA/eeT3JAczNAASAtEvY50PTZC.10v7BGHf2','DEPART','0');
INSERT INTO credentials  VALUES(183,b'1','B17_normal','$2a$10$FVHhs5zRmCX55U0ZFvd9fesMw.Vs.MoD6kV.t8QvaWgZJzKyjjWsW','DEPART','0');
INSERT INTO credentials  VALUES(184,b'1','B18_admin','$2a$10$S9F9.1.u6ke09lp465WhdecjaRoMmNOl6ZFsZKH3cyPw5m1iN1AR.','DEPART','0');
INSERT INTO credentials  VALUES(185,b'1','B18_normal','$2a$10$iwD0RryYMwS94Qb0vHCTYebO9cZl8Z4vcWh7jtfch536uJulLZ6FW','DEPART','0');
INSERT INTO credentials  VALUES(186,b'1','B19_admin','$2a$10$6.Pjr4NFUVvrihB7FvBIAOt.UPY3ZWHI3op5KnT8IwnCT1Ste3xKS','DEPART','0');
INSERT INTO credentials  VALUES(187,b'1','B19_normal','$2a$10$73EJlEc7aUer7rYrpWx.6e7GiVSz3pb42Z/k/ZVFuIfMAkTfMzuVW','DEPART','0');
INSERT INTO credentials  VALUES(188,b'1','B20_admin','$2a$10$V0Y/caNMyM3XOQV8/92UTeH0TANrrZyBwvzkf4GuDkt8k3REdT.la','DEPART','0');
INSERT INTO credentials  VALUES(189,b'1','B20_normal','$2a$10$kW9Jy56CyjfRmV3vN5JIXu2BzUBuUW0LlZqPH2cH6A.jFTTDD5/cW','DEPART','0');
INSERT INTO credentials  VALUES(190,b'1','B21_admin','$2a$10$pmCUsscpo0WcyQXBoXTk2.VmRO60TWQdno7Sq.nvAqb/kroO5nt6K','DEPART','0');
INSERT INTO credentials  VALUES(191,b'1','B21_normal','$2a$10$e5qBeZqX4dCcDAYow2tT1OE21fly8XttADiZly0b16kef8IKhyAYu','DEPART','0');
INSERT INTO credentials  VALUES(192,b'1','B22_admin','$2a$10$82nLzoFWZve/F3eYRiFyPucgZHkNryzNFMt/xAJJ6UX47BeGszSAi','DEPART','0');
INSERT INTO credentials  VALUES(193,b'1','B22_normal','$2a$10$QbqVsEN.lmPl9Ww.ojFdiOL0HGaECb6mYErwhQuMP2gS323IRBqcG','DEPART','0');
INSERT INTO credentials  VALUES(194,b'1','B23_admin','$2a$10$T5Xua6wONRsNZLEio66Myu8uuvNyLjHHpRfnaEvPk/zNgmY.RZCAi','DEPART','0');
INSERT INTO credentials  VALUES(195,b'1','B23_normal','$2a$10$SC0XbWm02hxgisF2VfT27OP7O4DtiVP4xXxPuBq4b3kpff9nAX6Ee','DEPART','0');
INSERT INTO credentials  VALUES(196,b'1','B24_admin','$2a$10$IckV47ulcyYxD9sUiq4WNO3hBvgzN8B2UbyW1FDoaKWxoM6kKmQK6','DEPART','0');
INSERT INTO credentials  VALUES(197,b'1','B24_normal','$2a$10$5DbopNY8bhM23SWwa087.uFxp4MV.blAZr.vVTlfo5l5p1YMrTRQ6','DEPART','0');
INSERT INTO credentials  VALUES(198,b'1','B25_admin','$2a$10$NUdRj62xxbQIfqN4iU7w7ORuwJd3F5c0a73T62pjZm.FpKzC/7wuW','DEPART','0');
INSERT INTO credentials  VALUES(199,b'1','B25_normal','$2a$10$LacEs75fFybNn1/5cwlXRuSVkyFi4SLN/ErswNDqLUJCVh6j4/jSG','DEPART','0');
INSERT INTO credentials  VALUES(200,b'1','B26_admin','$2a$10$yKKK4wpddiHCiTwmDOVcu.dIw.UgWaLUz8STW4GDGqqlf0FRaD12S','DEPART','0');
INSERT INTO credentials  VALUES(201,b'1','B26_normal','$2a$10$Huw6IcUeaE3gsqM.s11PAuI9f7N4nX04VTEF2Li/v4m3EyTO3KxH6','DEPART','0');
INSERT INTO credentials  VALUES(202,b'1','B27_admin','$2a$10$7D2jOXO1TbFmNIqHmH15o.0TWp2BzRUVXAOG0ta5xqDcfmj71OgR.','DEPART','0');
INSERT INTO credentials  VALUES(203,b'1','B27_normal','$2a$10$5ha.aImDRJla6pDLNw72ku35bIFGO/WVfoW2OB9/R1Iqk0AJWKa2G','DEPART','0');
INSERT INTO credentials  VALUES(204,b'1','B28_admin','$2a$10$7DQldlyLFK/nQUbr9mY5rugHLv8n13qC/3mqGvQ1EOgua3tWcSPMS','DEPART','0');
INSERT INTO credentials  VALUES(205,b'1','B28_normal','$2a$10$G/jBsp06bmGjtCxQOj47zuhWbd/8SPXUAZCtnmf7b.xUCanCVgZcO','DEPART','0');
INSERT INTO credentials  VALUES(206,b'1','B29_admin','$2a$10$OWryAJ1RiPdcno.jdeKGgO98Zf1g.uwpHy0.FZ3s9CjSU6WURFRsq','DEPART','0');
INSERT INTO credentials  VALUES(207,b'1','B29_normal','$2a$10$xWznL2Vl8I1o24.MuPCfLuPjhV/HgGiPF3zs.CjdNJ9DnCVInhV5S','DEPART','0');
INSERT INTO credentials  VALUES(208,b'1','B30_admin','$2a$10$bopJWSokqdcAq2ofbEau2uMoz1xJw.rQFDnEqwiXI3bDLCQq/jgSO','DEPART','0');
INSERT INTO credentials  VALUES(209,b'1','B30_normal','$2a$10$2YEjbylZVHziTgxyROv6muKfQ6yB72kFzQEOUeMr61.KcGi.COLyC','DEPART','0');
INSERT INTO credentials  VALUES(210,b'1','B31_admin','$2a$10$n9FdNcoxaW1EmI3BikkHJ.R7UVDCmc1a5/owWEBbwC2ENGMXvjpee','DEPART','0');
INSERT INTO credentials  VALUES(211,b'1','B31_normal','$2a$10$UXzFYfF.dHHJ0o9xCoJWtuwjCflV7G8F19d1EVFiXbjMcOf0WqhCW','DEPART','0');
INSERT INTO credentials  VALUES(212,b'1','B32_admin','$2a$10$sy7y0eyKEi0nZi0LZra.YuYDy5T8RPXWoQv7ZZliW95VE/Azcwrxi','DEPART','0');
INSERT INTO credentials  VALUES(213,b'1','B32_normal','$2a$10$3nywrC8POic2sWzEun8nAu3Gfb/GoxIFxoCXct2i7Vr9KNq/8qSFe','DEPART','0');
INSERT INTO credentials  VALUES(214,b'1','B33_admin','$2a$10$ccc5B4IycJBxjqIaMASEIeejkid4fymmBmff116UsHgjZGN9geK02','DEPART','0');
INSERT INTO credentials  VALUES(215,b'1','B33_normal','$2a$10$9CCSnThs19XQEX09QJYOZufn7.uuAGq/Wphm/GWvikw9353bQKtqW','DEPART','0');
INSERT INTO credentials  VALUES(216,b'1','B34_admin','$2a$10$3oHlr3MbUFtLGLbut5Z.Gep.TKmDTzTyP0A6dbCuD8aiZG8jQ3an.','DEPART','0');
INSERT INTO credentials  VALUES(217,b'1','B34_normal','$2a$10$fYXEoDYQdwSisnHjr67juO0f05D3q57k7AJ.B5v648TwNF1fwksoe','DEPART','0');
INSERT INTO credentials  VALUES(218,b'1','B35_admin','$2a$10$v.2ZXEgemrteTCAwq2vvVObCdXQz9QHNkBFbnJRww9n5SnUgLWU.C','DEPART','0');
INSERT INTO credentials  VALUES(219,b'1','B35_normal','$2a$10$C1nSDEodmFJHGJ44kd7jKuQFhpS9JQiP5zUyhMmG33uHo9QRbRz.m','DEPART','0');
INSERT INTO credentials  VALUES(220,b'1','B36_admin','$2a$10$WB3BFxmErI9PbGuVzvV0uuygy53nUU5hQF36Fb1oInYCIITK.ITP.','DEPART','0');
INSERT INTO credentials  VALUES(221,b'1','B36_normal','$2a$10$Hn7L6kq3hbcK58Xmpf7TjeNO/ve3qLb0CrkihMXd6XQDbvPegCmtq','DEPART','0');
INSERT INTO credentials  VALUES(222,b'1','B37_admin','$2a$10$q98LoNP3.h.ZXaX6NBo4BefZIRZMvTI2vXZFNz8QkhLrPIzQwKqwC','DEPART','0');
INSERT INTO credentials  VALUES(223,b'1','B37_normal','$2a$10$rVpRUoAS2OhaxBBHT0m0h.9psbTDeQNKZE32jiPhbMpIf5wsEpoFu','DEPART','0');
INSERT INTO credentials  VALUES(224,b'1','B38_admin','$2a$10$IpD7oecD2UJbbTlI6rfzn.pxwKsVLNV6E3A.iRV0jxebI0Hk4o08i','DEPART','0');
INSERT INTO credentials  VALUES(225,b'1','B38_normal','$2a$10$ra4t8Csjh2K4O8aK5dAhTOuwcP8TxQFsW.pyWpayZikWzJ.MTfZSS','DEPART','0');
INSERT INTO credentials  VALUES(226,b'1','B39_admin','$2a$10$Ea1bkeadaF3DRcZrWaejcehCOvuuTffmxZA5GjRiWzo.ZP8pBaW2S','DEPART','0');
INSERT INTO credentials  VALUES(227,b'1','B39_normal','$2a$10$8p/deIQHaOghafbsm6T6K.5L2vsy6DVuBB2iSmkpv9r9bQJZfTRhG','DEPART','0');
INSERT INTO credentials  VALUES(228,b'1','B40_admin','$2a$10$S.SYgJGcHe25G/d9EYKxJerOE2Q11DcVh4S8TRI9os86I/T45q4Ve','DEPART','0');
INSERT INTO credentials  VALUES(229,b'1','B40_normal','$2a$10$P66AZuKtr/grk68zKDzzj.EugkSDYk6kXWalvesU/vVQSHl54dmiy','DEPART','0');
INSERT INTO credentials  VALUES(230,b'1','B41_admin','$2a$10$otLo8L9FgIJKNZ.d2m//Le3S9Xt3/olpXgcdBlbMC7Wzx7JmmbCGW','DEPART','0');
INSERT INTO credentials  VALUES(231,b'1','B41_normal','$2a$10$iKjdpFLRlU4GkY5q6VUsIesuNGi0t86v4c42u8R/NjGnXEAb3xGEC','DEPART','0');
INSERT INTO credentials  VALUES(232,b'1','B42_admin','$2a$10$vWtpgWObvxl0ymhDO3gaNecT2c08aC/pfqMahwLdqUtfcX5JFyJNu','DEPART','0');
INSERT INTO credentials  VALUES(233,b'1','B42_normal','$2a$10$YO8V2Lz0ECV8FxRwGiGPYeLvJzv8Ks2FmoNsMvSxJgY4bIeWGDi1G','DEPART','0');
INSERT INTO credentials  VALUES(234,b'1','B43_admin','$2a$10$1.UExvXaTAf3uD/Ln0hVauWk4i2QdY.3mwpXv6hd9hl9uYw65M9au','DEPART','0');
INSERT INTO credentials  VALUES(235,b'1','B43_normal','$2a$10$UA7xf68rvD80hzR7ccGjwuLA1B3YKlwZvi20iRWsQ9hMS672Q7KRW','DEPART','0');
INSERT INTO credentials  VALUES(236,b'1','B44_admin','$2a$10$WlodOF3kTiTAcyLpS5C.E.uO/j3AcuvTlQV5E/.FmWXeqPgIW2lwq','DEPART','0');
INSERT INTO credentials  VALUES(237,b'1','B44_normal','$2a$10$515QkB2lbbZUjMwj9zqvYup8iMqAG4ueuSCrxAgc7wRNGTpUCIBNm','DEPART','0');
INSERT INTO credentials  VALUES(238,b'1','B45_admin','$2a$10$meX0E4PhS9HcceRT0avElOhmdAGwr5AGQKCVBpvWisIWhKyzFcnL2','DEPART','0');
INSERT INTO credentials  VALUES(239,b'1','B45_normal','$2a$10$llhO3RPLfsItMm6WzPrWseZlP9WACr4VWYf.2/JG4MUMfJBeypVNu','DEPART','0');
INSERT INTO credentials  VALUES(240,b'1','B46_admin','$2a$10$tbAg0bwm4Lrq69xMIvaInOratzuHmYi5FyEg9N1vViLwLz5Vu87i2','DEPART','0');
INSERT INTO credentials  VALUES(241,b'1','B46_normal','$2a$10$h2w/mvJnaFIgmOL9Y4NmIemnhtaSaiwH3eGMGkSq0ho4XIkJO19Jq','DEPART','0');
INSERT INTO credentials  VALUES(242,b'1','B47_admin','$2a$10$iP30RIlMeO3zcs.J0.YKn.t3M87V.Brh.G1vIASrswmhlKYG8JegG','DEPART','0');
INSERT INTO credentials  VALUES(243,b'1','B47_normal','$2a$10$aGYCAA1fZdanClrE1hCUd.FGgyLmkUPOlFUccZlFLnFMd8wdEvsY.','DEPART','0');
INSERT INTO credentials  VALUES(244,b'1','B48_admin','$2a$10$872b2y1r2ouAgXuFK476S.a164nfMKfdE1K6v.N4mSR3z1.52wmN2','DEPART','0');
INSERT INTO credentials  VALUES(245,b'1','B48_normal','$2a$10$AfIj5kcBN4hG5jGIV1koOeIUcQIuJQMXZd03NHcUhH4y8SRm4XEzC','DEPART','0');
INSERT INTO credentials  VALUES(246,b'1','B49_admin','$2a$10$jSNerUp4AKiBWgZHr7oRqOyy906k8BeBvEwAh5kp06XALBiX77Vk2','DEPART','0');
INSERT INTO credentials  VALUES(247,b'1','B49_normal','$2a$10$98iCWMhzAotZLYPc5oZV8.Mo2WxCwvDly.f9loO4EhAfiHJzzhoF2','DEPART','0');
INSERT INTO credentials  VALUES(248,b'1','B50_admin','$2a$10$SNqzyttVhh8IKnyGnEZxkOnkex97y9k49kHpM6xyxeQY.VlvRTBfO','DEPART','0');
INSERT INTO credentials  VALUES(249,b'1','B50_normal','$2a$10$YPmZZNR2MqVkF.epVxXsU.5WcD.gJkfXP2GdHE01kAIesftDNlktG','DEPART','0');
INSERT INTO credentials  VALUES(250,b'1','B51_admin','$2a$10$Cg1lLBfhl0ACywbjQrHYUOS9JFXqTb3EjnCaD3/VtoCwJsdm4SHQq','DEPART','0');
INSERT INTO credentials  VALUES(251,b'1','B51_normal','$2a$10$iy6lIWP.7YK.gWueEMVvZOrK2HxPv1zM8qJU2kH7v0AHKIVmtcP4a','DEPART','0');
INSERT INTO credentials  VALUES(252,b'1','B52_admin','$2a$10$zS2VfL135yLduwPNVJlPIONc9.iImTyzXlVuZ4P0BK87l.3AJQqNi','DEPART','0');
INSERT INTO credentials  VALUES(253,b'1','B52_normal','$2a$10$USzJh/4pwd57TyBVxIN0oePgkZXcwy2rYlDHrw5InzuHotsTo/sgu','DEPART','0');
INSERT INTO credentials  VALUES(254,b'1','B53_admin','$2a$10$tvjfngGvWnTgn.TAbjHhAea/tvICLUtZemILt3SzvjdpWmWuEeTUu','DEPART','0');
INSERT INTO credentials  VALUES(255,b'1','B53_normal','$2a$10$4gFJdQ2jo1HBcgHmmMpDi.STLw980NkwULwIMX5zA9lK588n99A8q','DEPART','0');
INSERT INTO credentials  VALUES(256,b'1','B54_admin','$2a$10$WrCLbDfAeo4TlWgDJSvGhuS5l9WzA2l7.AofkW.8iTZp3r2NWOQcS','DEPART','0');
INSERT INTO credentials  VALUES(257,b'1','B54_normal','$2a$10$w5Q9UpPyaTDQl40AoaG3ueutNos1Cto2m6zKaNtdC121NT6QbZhTm','DEPART','0');
INSERT INTO credentials  VALUES(258,b'1','B55_admin','$2a$10$M9CarUdcbGRFIOFi9P4FWuyCDmHzZfKsupZSuf9wI2IJVnTl.ABv.','DEPART','0');
INSERT INTO credentials  VALUES(259,b'1','B55_normal','$2a$10$BqLADKH1PaSAlFDj7cU7qubFrJZXVm/DmzKOkHTWpLjTej1Slkdli','DEPART','0');
INSERT INTO credentials  VALUES(260,b'1','B56_admin','$2a$10$9bl7vVPfhbL92qFcpcZi3.2nTWbk.0r6oPDQVSjzQbF/2Orf/NnDO','DEPART','0');
INSERT INTO credentials  VALUES(261,b'1','B56_normal','$2a$10$2iEBc6nUUANWAeCe3NELTelgcGfl7ykhvffWUw2bAhppV.exeFSw2','DEPART','0');
INSERT INTO credentials  VALUES(262,b'1','B57_admin','$2a$10$U70rWPkXaBBQxBkH9Oqvquv00V7xw.H9HKHsZZN0klMM4TfAXdtNW','DEPART','0');
INSERT INTO credentials  VALUES(263,b'1','B57_normal','$2a$10$gH5qhrPRZUVMjdjKq1f/Quq/owJX7TJzk0gdMIRPB/ZMfCR3eoBkC','DEPART','0');
INSERT INTO credentials  VALUES(264,b'1','B58_admin','$2a$10$5pfFzSVr02aaU6o9JV5ohuWgIM1tPzIrHepttWCq/4a4og.cAAmGO','DEPART','0');
INSERT INTO credentials  VALUES(265,b'1','B58_normal','$2a$10$rDe.7E/ecbi8jDeiDCAvn./MIlN8yJb9TtjSV5STfFfKsfi9jlDSG','DEPART','0');
INSERT INTO credentials  VALUES(266,b'1','B59_admin','$2a$10$bynFEy2BFTeEmcGZvz8q1eGOpV4YcDts7aWFE2OcrNZVehiQcgDIi','DEPART','0');
INSERT INTO credentials  VALUES(267,b'1','B59_normal','$2a$10$2w3BgDNsbKVB1SIOOpwV8OsFi3Dv15FCtbnBefrqyAr6OJ8CxV/MS','DEPART','0');
INSERT INTO credentials  VALUES(268,b'1','B60_admin','$2a$10$hNPYZJq.juDDDZjrkX17SO0qViP3oaG17bO7zpvUit55b5L7pgeN6','DEPART','0');
INSERT INTO credentials  VALUES(269,b'1','B60_normal','$2a$10$HSgiWblwj7ewh2GRLaPmuOFJc/mT5hQA33xFBivGCijKbZjXUmTFy','DEPART','0');
INSERT INTO credentials  VALUES(270,b'1','B61_admin','$2a$10$JmxbOmbkkXyEtJxWooV2Y.JLIUKHruwRk37xxRAMs0XdWeapX5LuW','DEPART','0');
INSERT INTO credentials  VALUES(271,b'1','B61_normal','$2a$10$VT5ZNQS4xua2MhtSa33TderzlJB3TBFHCqUoe2dO3mb4OVYlaD5Lu','DEPART','0');
INSERT INTO credentials  VALUES(272,b'1','B62_admin','$2a$10$r14nyPwYgDSo1LQ9AneZ8.JB2lO51nPulCAtE9LJ/LhtAB.o6UbSW','DEPART','0');
INSERT INTO credentials  VALUES(273,b'1','B62_normal','$2a$10$RfrHD9k3qD3rDOco7bI04O3NTUI7tbBrYEkpubHC8LTSiovxT.UDu','DEPART','0');
INSERT INTO credentials  VALUES(274,b'1','B63_admin','$2a$10$nqoPgfhphZp51e8ImpKxXOS4I05cOW3B2xaKVo.Ad1iJ9aSY0uMsO','DEPART','0');
INSERT INTO credentials  VALUES(275,b'1','B63_normal','$2a$10$KoPdNCkT6YotoSQSDdGr/u8w.zrMI.yIEsVSYwAvW//ICLHV2X83O','DEPART','0');
INSERT INTO credentials  VALUES(276,b'1','B64_admin','$2a$10$MgeEYl.PaJqcgEeKNnPdkeOfRj0BXS8NlkupAjNoSacs50j6lD852','DEPART','0');
INSERT INTO credentials  VALUES(277,b'1','B64_normal','$2a$10$a4y4NX0dp5VwN3SNR0xsgeZ0Q/ErqnjfQ0Q..wQhZXGiTDPdPymQW','DEPART','0');
INSERT INTO credentials  VALUES(278,b'1','B65_admin','$2a$10$j20TmAwb9LCV2w6Ji/p.Temgj59zTMMv6Dl4jqinx.uqFvTjKxAIq','DEPART','0');
INSERT INTO credentials  VALUES(279,b'1','B65_normal','$2a$10$EAUrWRPG2kbAv.PVXmyIL.bx5oNWGAinrzdqKdM1.g4qHbYbOHXCu','DEPART','0');
INSERT INTO credentials  VALUES(280,b'1','B66_admin','$2a$10$C4JrOeesU5skPa3Tjs5ufOxh3lSyy43MXG9vGdW7NA5hvxoVhVrka','DEPART','0');
INSERT INTO credentials  VALUES(281,b'1','B66_normal','$2a$10$RGJo6WmK7A.RgNKqW3M3seM1YkhOWb4yku22VYEZ5ahfiGRR1wozK','DEPART','0');
INSERT INTO credentials  VALUES(282,b'1','B67_admin','$2a$10$42qU8GCkkvrusgR6piplEu.prnLWfS4kOsnZ/NmDcr5pFEvgOn0ym','DEPART','0');
INSERT INTO credentials  VALUES(283,b'1','B67_normal','$2a$10$ekcF4pqGG4S60WUiAPvSTuoYipFUfaKwC7ii2mEUGfs2UQgQx2U3S','DEPART','0');
INSERT INTO credentials  VALUES(284,b'1','B68_admin','$2a$10$tR27ClyoMK9WN0o.Is7IWu.yZL2iZg54HM68.vXOjD0T.mnOtrpiG','DEPART','0');
INSERT INTO credentials  VALUES(285,b'1','B68_normal','$2a$10$l5Nc8QoFqfQOkQ.Ue2YX2.hPpK2QDbwoV7cinda0K/vFgPKiqnVAm','DEPART','0');
INSERT INTO credentials  VALUES(286,b'1','B69_admin','$2a$10$5AFCEzFoijPWxi0F8MflyeWLeX/6oxBlB/0WuLmYUToCYxqnN2bhO','DEPART','0');
INSERT INTO credentials  VALUES(287,b'1','B69_normal','$2a$10$0w1.qUxjRHpAdUP3/xRNVOrC93kr1R4iBp6z79j2C8IFcVE2UIqt2','DEPART','0');
INSERT INTO credentials  VALUES(288,b'1','B70_admin','$2a$10$IOmLxo/oFJRgHXNSSw8PwuSJR6tdYWwEHfV1AkhRuwHl418wfgSPe','DEPART','0');
INSERT INTO credentials  VALUES(289,b'1','B70_normal','$2a$10$FRkjhNKdrcRNcHsQZswWq.eezc7tzsUtzlPJChtrfkda0Hd3WLC9i','DEPART','0');
INSERT INTO credentials  VALUES(290,b'1','B71_admin','$2a$10$4LoXe.CUwUJPgvRADR1saOBmjcCFa/lz0p/vCMUPnKWj12mcXWyA2','DEPART','0');
INSERT INTO credentials  VALUES(291,b'1','B71_normal','$2a$10$gXKEPpNrtfzEkS.7ZxzWq.PuVE7fZNVUPMJGX1yJetaoRV5EM/WQe','DEPART','0');
INSERT INTO credentials  VALUES(292,b'1','B72_admin','$2a$10$2lQnyG3.mFA.xvAJ6Q.BluEWczc/X.v1tzkg.cWnZIj130hwIwpm.','DEPART','0');
INSERT INTO credentials  VALUES(293,b'1','B72_normal','$2a$10$8Q/7LcglYLAc8QaQrLh7VOtjbevE3uUMziC0zY9f3xIvLfuMeQNx.','DEPART','0');
INSERT INTO credentials  VALUES(294,b'1','B73_admin','$2a$10$.1zjv7WvheQFLsh1cEKGvuC3IgLeZsuqAzfn3dBy3ABfUDYbsPlyW','DEPART','0');
INSERT INTO credentials  VALUES(295,b'1','B73_normal','$2a$10$ZRDc/vlFpNit0JOzWRAAfumdTKAsiBM/hOXefzjwWmeTl3.wOeE5e','DEPART','0');
INSERT INTO credentials  VALUES(296,b'1','B74_admin','$2a$10$J90s/Rk9KOjkocs5N37XSe6FqmdcVDhY49ofD.9cWx1UVF92OgOmy','DEPART','0');
INSERT INTO credentials  VALUES(297,b'1','B74_normal','$2a$10$.XSs577OhXbcLps3y4ei3er.AxJ7edTg.VYK4E2oOydiUHXxC1Kbe','DEPART','0');
INSERT INTO credentials  VALUES(298,b'1','B75_admin','$2a$10$wR/Eqv1WtkjRXM0n779jQ.KdUEutvnGAAwTrzm2cSubZcC7FbF8Ma','DEPART','0');
INSERT INTO credentials  VALUES(299,b'1','B75_normal','$2a$10$bUF2IIKvy/7oAeSYRb2mKeYbKFGcLS5rOzQTN3a4AvQ3y3niysHAy','DEPART','0');
INSERT INTO credentials  VALUES(300,b'1','B76_admin','$2a$10$0ekPpX4h0U5Szy28vVBBjOtP7N8VxHXkEfMXJt7ZkLAceATtlshMi','DEPART','0');
INSERT INTO credentials  VALUES(301,b'1','B76_normal','$2a$10$JjPAQhVSH5N9fklXl7vhWODDo/7B78aQSiwLwzIU02pkKlnVpM3hK','DEPART','0');
INSERT INTO credentials  VALUES(302,b'1','B77W_admin','$2a$10$lBgbQWKeb4ed9HNni/3j9.uWTjOEv58q4stBjFlDanfRgl5ZYqwl6','DEPART','0');
INSERT INTO credentials  VALUES(303,b'1','B77W_normal','$2a$10$u4kl8OdOZxNIyOy1PbJm6eObtNmJgT/qXJxgGOslu8sRRhr/JZJc2','DEPART','0');
INSERT INTO credentials  VALUES(304,b'1','B78G_admin','$2a$10$knXygOg7rFuPNzzP1k2uGu0JjCYX6M7n7fh9Mr5wXPp2YKB/zAIsC','DEPART','0');
INSERT INTO credentials  VALUES(305,b'1','B78G_normal','$2a$10$xDhT9skBW.294VWFlCX99OcDpn.cjjuBXhBvf8MYbPmzUbpL0vBGa','DEPART','0');
INSERT INTO credentials  VALUES(306,b'1','C01 _admin','$2a$10$CrHv1zIbg/BDD5F6DVIXC.LFGvj5ov0azbDr2VMOZAt7KMlp5dw9G','DEPART','0');
INSERT INTO credentials  VALUES(307,b'1','C01 _normal','$2a$10$QKSTsuFmFL6ac9zrY3lX8.E4OKSrYN4B.XWUg2TJgSQms2AyxQN.e','DEPART','0');
INSERT INTO credentials  VALUES(308,b'1','C02 _admin','$2a$10$Rey93wjRVW2pFO/9pcoqE.ygiMEvo2qWyvIZivMAStGdftDexSm5i','DEPART','0');
INSERT INTO credentials  VALUES(309,b'1','C02 _normal','$2a$10$gYL9TBD7QOphRE2o/pMYD.my/jpuTrrofBhtcE4MTeNK0S.cL7stK','DEPART','0');
INSERT INTO credentials  VALUES(310,b'1','C03_admin','$2a$10$id5a93f3EKUhBgO8oubV.uqdoZGPaVRhJTgDqJTaOHI1oXsq3LidK','DEPART','0');
INSERT INTO credentials  VALUES(311,b'1','C03_normal','$2a$10$3F0EvrmBSWqOFtYNT9HgWuVFuDML4Te2.u25GQrBPt.i98wR7gTAC','DEPART','0');
INSERT INTO credentials  VALUES(312,b'1','C04_admin','$2a$10$Trqg7F91eVuKJxunxBYo5u2e6sMBQJAalEQHMMNkbaZluW5ArkID6','DEPART','0');
INSERT INTO credentials  VALUES(313,b'1','C04_normal','$2a$10$.yZ8I/ZzTdDL4LR8YDPm9esoe3UKn3ljD2GLQLK6qRpxdWHzC/pSq','DEPART','0');
INSERT INTO credentials  VALUES(314,b'1','C05_admin','$2a$10$/mi0I/W.KAwKcxqJco9xKeF1iILybJxI77wiKcOUuqP7I6kpV2ely','DEPART','0');
INSERT INTO credentials  VALUES(315,b'1','C05_normal','$2a$10$5SSb3Z3O5.EySw6NrRm9YueseiU2h4/1IUbCmrdFPq4FTLW51iXG2','DEPART','0');
INSERT INTO credentials  VALUES(316,b'1','C06_admin','$2a$10$vOY0/6KAluVRhUKuURh4t.VPRGDU.4T45WICTNN4.LGyTcfIW0/xG','DEPART','0');
INSERT INTO credentials  VALUES(317,b'1','C06_normal','$2a$10$eNTDmZ.vosxwGJVvbcNbm.qyfnR5hidL1.xZ02ni.R4pYhTPMWU2i','DEPART','0');
INSERT INTO credentials  VALUES(318,b'1','C07_admin','$2a$10$lMJwGOyza7dqbhJeCs.5Z.UV95rn8UnZDaweOTZz8EiUSTVcHLz5G','DEPART','0');
INSERT INTO credentials  VALUES(319,b'1','C07_normal','$2a$10$f68PD3Jk3kJ9dS3xgGu.devibQjHluVEgfWPVdXkuhJcjMsxBsBCy','DEPART','0');
INSERT INTO credentials  VALUES(320,b'1','C08_admin','$2a$10$/6mE9qqknZ/EIVahFlq4ROjBS/8y/Ko0CUIdatyka/8gXDv5BVXdm','DEPART','0');
INSERT INTO credentials  VALUES(321,b'1','C08_normal','$2a$10$YkhuQ2ONd8kAF/OOeZ47ae0oJwN5HxHyQTgQenaMc7.F8Ne60tPu6','DEPART','0');
INSERT INTO credentials  VALUES(322,b'1','C09_admin','$2a$10$dmT6nPWrlhgFuhUiuKPwruBE9SbIxNfyLgu1iX0MiAVj4mnY31f.q','DEPART','0');
INSERT INTO credentials  VALUES(323,b'1','C09_normal','$2a$10$eaTuM7c7dTy3HXaZVTE.GugO3KkP51zzgMpvtzxtjWApEvODFtor6','DEPART','0');
INSERT INTO credentials  VALUES(324,b'1','C10_admin','$2a$10$geJpfmMUtK0srI70N2n3Me4pmuIq3ZY2ztPOa211pzwJnWNfiHIYu','DEPART','0');
INSERT INTO credentials  VALUES(325,b'1','C10_normal','$2a$10$qG43xhZTRIqzXp8J8JLXEe124GX7MII99ppha/0uRh9Pi/.qFp51G','DEPART','0');
INSERT INTO credentials  VALUES(326,b'1','C11_admin','$2a$10$iAs6Y2bt152yvYXBjgvlKenoSBDYUlnipdo7TfPuDDqWK7sotrS.2','DEPART','0');
INSERT INTO credentials  VALUES(327,b'1','C11_normal','$2a$10$hXdgOQsffMuAW1MU7Oy2m.oEodc7Xxn3kOBvHUrHexUbKCep6HxUm','DEPART','0');
INSERT INTO credentials  VALUES(328,b'1','C12_admin','$2a$10$/5VFcLBnP/qwRneaIr4GROF.0dnqgEdm5e894SJA3uqavwuz2CEv6','DEPART','0');
INSERT INTO credentials  VALUES(329,b'1','C12_normal','$2a$10$X2LopzGxX83EVMX4.DX9te.vQTrMOTajT/VfAJKOs7nrvyjoLrS9C','DEPART','0');
INSERT INTO credentials  VALUES(330,b'1','C13_admin','$2a$10$NfkPISbR3dCQgwif1IQKb.xwkCYkgdC3C0TaG8xEKzPjARHnBriLC','DEPART','0');
INSERT INTO credentials  VALUES(331,b'1','C13_normal','$2a$10$eYr0XncyGLU1s18yvjxBoezI/bqU0tObhAlB/9ECHjMUAEzVwr6ye','DEPART','0');
INSERT INTO credentials  VALUES(332,b'1','C14_admin','$2a$10$89elb1y2Y66dOQKV9nHRyeSycWEdP3uzqbViJCghVqHnYpAO7.iq6','DEPART','0');
INSERT INTO credentials  VALUES(333,b'1','C14_normal','$2a$10$xqoqxjAsPnOj0cqrq8hccu9ARi0Z5cCuHwfdwZDa96zr4VIJ6Zp9q','DEPART','0');
INSERT INTO credentials  VALUES(334,b'1','C15_admin','$2a$10$l/908q5A9aUf6PpvFJ94Xuec6tWfCkxMHg63oIj430ezHFO1CmhAG','DEPART','0');
INSERT INTO credentials  VALUES(335,b'1','C15_normal','$2a$10$WyfoWF1gPlOs70Q.IbQtoeIUM2gdykAL5SncVx1E5MUw11EasjDHG','DEPART','0');
INSERT INTO credentials  VALUES(336,b'1','C16W_admin','$2a$10$67l7JNbL/426Nh6TrnZKfO.0lIUI2RfObxEsUHjyofyJ0OOtBdY7a','DEPART','0');
INSERT INTO credentials  VALUES(337,b'1','C16W_normal','$2a$10$CEb9qgYpu0kpWoOTG7cUe.DCdoe883zGLxrU3ioIm40peW1RXWEKC','DEPART','0');
INSERT INTO credentials  VALUES(338,b'1','D01 _admin','$2a$10$OV6Wb1DlX1.9a35iqxCpS.GS7Zt26sfZG4g8ZoyGZCviYxvC35TfO','DEPART','0');
INSERT INTO credentials  VALUES(339,b'1','D01 _normal','$2a$10$zkbQT7wTzvTQAYs9YTTiRuDPBakjmbbPgFNFaTtW0hqj436yoSQXu','DEPART','0');
INSERT INTO credentials  VALUES(340,b'1','D02 _admin','$2a$10$ubvElmpblSrktZSbfx4hhe4BwTX/i78g/oOzH.nioytDoSqUAAs2q','DEPART','0');
INSERT INTO credentials  VALUES(341,b'1','D02 _normal','$2a$10$J3doJYjOBHxjjAS7gsI7HOAFa/F1ZFnjhEjMLHAnbvUsjTgWpV9hO','DEPART','0');
INSERT INTO credentials  VALUES(342,b'1','D03_admin','$2a$10$bhaMx8xiKbhGuAKg/sDA1uP6jWquSlZ6md2lwK6CGuz5aXK3lBSLS','DEPART','0');
INSERT INTO credentials  VALUES(343,b'1','D03_normal','$2a$10$d/Hrvgw2QZMQogHfmiw.uOFcNpRuCp2bVHDtKK7yD0dCwlgK/3goi','DEPART','0');
INSERT INTO credentials  VALUES(344,b'1','D04_admin','$2a$10$kQ2sBc9yLDJfA9g5.r8n6eWl2THIALWkgzI4lYm98H8XTJobYRcAS','DEPART','0');
INSERT INTO credentials  VALUES(345,b'1','D04_normal','$2a$10$/arWRrgBXwPw80CNDnDqUOcHe0qwfyjrBU6tuPU5rt8LFl/BVlFJ6','DEPART','0');
INSERT INTO credentials  VALUES(346,b'1','D05_admin','$2a$10$NXfGAem7ZXgvlCxkh9rm0.5Fk/Ee1IE7rc/hw.6bXOFs2vf2UvZE6','DEPART','0');
INSERT INTO credentials  VALUES(347,b'1','D05_normal','$2a$10$Fx.4Yynw9MS3G9LEYyuloeP897fvLmY4pDjV3BN/HDRVrgxnz0caS','DEPART','0');
INSERT INTO credentials  VALUES(348,b'1','D06_admin','$2a$10$VCA1r8i5QD1rIv29JnB.4eJGwJt0.SGS7qkpVEsmRxlWilq3Hmrrm','DEPART','0');
INSERT INTO credentials  VALUES(349,b'1','D06_normal','$2a$10$Ywtufj0IN.E4St3T734uO.M1JthgiYEV.uBYAubwRCdBtGBl9PCO2','DEPART','0');
INSERT INTO credentials  VALUES(350,b'1','D07_admin','$2a$10$6o7Cf0jrCP1MD12ODU/OiOnYcfK0Kn76o2PrHdg/rZwc6q8NQsD3O','DEPART','0');
INSERT INTO credentials  VALUES(351,b'1','D07_normal','$2a$10$vYmmAJDp/egnTlQOhC5HYORnJ0rC0IPA9f4esfXXogjDhQRShyFRy','DEPART','0');
INSERT INTO credentials  VALUES(352,b'1','D08_admin','$2a$10$Yys7Qy4I7vWswOb6PGfb0eaCBTmQRwIEykNs8uM/FCy96YPquTq1K','DEPART','0');
INSERT INTO credentials  VALUES(353,b'1','D08_normal','$2a$10$PgKE6qs0p7dq8umCVcSFheJHwnIHqltyw5Aw30mH3D/SJsBE1DDCa','DEPART','0');
INSERT INTO credentials  VALUES(354,b'1','D09_admin','$2a$10$H67ZBOcULHAN9UJ.27MSPemIJyKogEgeTUa16VxjXbtnfNvGxVIOu','DEPART','0');
INSERT INTO credentials  VALUES(355,b'1','D09_normal','$2a$10$i5IolSbOyMJaOB6cBDpxxuwOcEyu9Ifzo.nLYk3/zDYZlywR8n4.u','DEPART','0');
INSERT INTO credentials  VALUES(356,b'1','D10_admin','$2a$10$JF7eJurP.NjoXQIx.LRl6.qnGBGfGZv3ecBtpjpamyFZex1OoXe5y','DEPART','0');
INSERT INTO credentials  VALUES(357,b'1','D10_normal','$2a$10$UqggqAfZhegHVWbuu909oeCSiJkBmDb0mF8bYfakERDeWwUFjDAFy','DEPART','0');
INSERT INTO credentials  VALUES(358,b'1','D11_admin','$2a$10$8YkJ10/qns/Ki7QWMfvBu.0Y63CuGDUVg1qv/VHLfLqAgIqHYUd4u','DEPART','0');
INSERT INTO credentials  VALUES(359,b'1','D11_normal','$2a$10$hgLAuQRUBgJSA/773a7rXeQxE4.AUeDAb4oVVOH9K9JiQCG7Nkyp2','DEPART','0');
INSERT INTO credentials  VALUES(360,b'1','D12_admin','$2a$10$qboVYj5XmRDzqmKrW61jaODACr0Kj3f3UMrmckZiODx65kcD7dg66','DEPART','0');
INSERT INTO credentials  VALUES(361,b'1','D12_normal','$2a$10$F6NCH9CYOvsReXdtIE65yu5wTe2lKL9QKZlVV6lyWAcXYzngoe/Py','DEPART','0');
INSERT INTO credentials  VALUES(362,b'1','D13_admin','$2a$10$5lJAJ/Ay1h/CBQTfDyUcx.2bVb4b2WUZ1haEx/zoXPEuRJse9qypq','DEPART','0');
INSERT INTO credentials  VALUES(363,b'1','D13_normal','$2a$10$AGoxMrsXWK9Fs.utt0H2O.lEXs4tn5Rr9/aXfDnxZmqgV0xC8Eqkm','DEPART','0');
INSERT INTO credentials  VALUES(364,b'1','D14_admin','$2a$10$llnX9yM0gnLmTJvlezAWn.OpJwZtt.klep0k1L6GvsIql9J1QnbF.','DEPART','0');
INSERT INTO credentials  VALUES(365,b'1','D14_normal','$2a$10$NQmTGOn62fBJXBMYSaAABunqx1RTxnuaVp6kSUQJb4XHbVGTJDiDy','DEPART','0');
INSERT INTO credentials  VALUES(366,b'1','D15_admin','$2a$10$aN/L1FYOXHX6AuCVcuHB2uZ7AY/R5PjwD83sBvhoV6IRLwo3LITLW','DEPART','0');
INSERT INTO credentials  VALUES(367,b'1','D15_normal','$2a$10$mL1EFsUsTZ3YJurMXOr5Yu9mFzZkzcXaoF8gs67VrvrfYVsTAVPQe','DEPART','0');
INSERT INTO credentials  VALUES(368,b'1','D16_admin','$2a$10$n5cJFrpz61sRXeIic.h4zuztXassgrLYFYJ41mfeknQFC/foVubri','DEPART','0');
INSERT INTO credentials  VALUES(369,b'1','D16_normal','$2a$10$BC44crtzY25LY8P/sWgoUeEE5/UHnDiz0cBx4ejx89ONy4s6xbFqW','DEPART','0');
INSERT INTO credentials  VALUES(370,b'1','D17_admin','$2a$10$CX5sjKq0pmioJj5Hd5SHWO3fz.235MuocZWU.F72lgfYG7QPmXnI2','DEPART','0');
INSERT INTO credentials  VALUES(371,b'1','D17_normal','$2a$10$ht137moLpklOCDZ/I0uKaOpT4N7TND2wQ1TkrMFZ5DEDlfzOHioHW','DEPART','0');
INSERT INTO credentials  VALUES(372,b'1','D18_admin','$2a$10$dVX.NhAfCWsbyRBJjijL4.hSQiYfdgR7P3W.VACjPeODX/vb5P5G2','DEPART','0');
INSERT INTO credentials  VALUES(373,b'1','D18_normal','$2a$10$kEC8mJZg9oeceO37VuIfjukrC5CyZddbK0zquXyfQkVpfyAp42COG','DEPART','0');
INSERT INTO credentials  VALUES(374,b'1','D19_admin','$2a$10$JCteHN6rIr3NdxDt5Uzs/uADGeiQKPRt46um3VfrLl0ksgZI2/56W','DEPART','0');
INSERT INTO credentials  VALUES(375,b'1','D19_normal','$2a$10$fF.Y4F/W1eSsIurFNL5.Ge65l4grcWChYp32w340d9q0CQCWFoMaK','DEPART','0');
INSERT INTO credentials  VALUES(376,b'1','D20_admin','$2a$10$2MKlY123ZzNlNI7ScJMQWO4T94Iy8bE8jSmoMiCEGdxr9M.SpnPJq','DEPART','0');
INSERT INTO credentials  VALUES(377,b'1','D20_normal','$2a$10$f80sXWCK5X6vZJhvqL0naeF9uWVd5eqN5TXZzgG9o23in2xYLFCuS','DEPART','0');
INSERT INTO credentials  VALUES(378,b'1','D21_admin','$2a$10$XkCQD/hYQlnP9vod1g0p5OyNKF8d3malBNAG3njf6Ta58qu7SIrPK','DEPART','0');
INSERT INTO credentials  VALUES(379,b'1','D21_normal','$2a$10$d2fqNCtjIUtkv41clVkXk.vUSbYOJlrcvvsgEL.ZQsv3a3MrgbGWC','DEPART','0');
INSERT INTO credentials  VALUES(380,b'1','D22_admin','$2a$10$6zGqDM6uqvep0y.RdNdRgOL/Y68DskX6OGVcnwKAFguCy3TjCNpkO','DEPART','0');
INSERT INTO credentials  VALUES(381,b'1','D22_normal','$2a$10$b4ebo.JJBrbB3ByLfix2h.ob7C4qaxFK5BQP9EnwDOAkx7UfbursW','DEPART','0');
INSERT INTO credentials  VALUES(382,b'1','D23_admin','$2a$10$akQGrRnzkz4RPzCEZITwyu46tH/yLMQ53UN3wAoTOK.LcSB/Gh/nm','DEPART','0');
INSERT INTO credentials  VALUES(383,b'1','D23_normal','$2a$10$ey2TTlpEhtRzQMC0uPifOuoVkmwY4GMvpxHaNjuTPEMMceiVYhx5K','DEPART','0');
INSERT INTO credentials  VALUES(384,b'1','D24_admin','$2a$10$PNbxqmhYtXY3X.KdPUNH5..f48zMYZZy2UsJ2Ep2aAl3RRY3AX79e','DEPART','0');
INSERT INTO credentials  VALUES(385,b'1','D24_normal','$2a$10$dRlxuNU1xK0XphPbBQyofOkFts5uQ.LSCtS1lOTPE38b9TcdHe/d.','DEPART','0');
INSERT INTO credentials  VALUES(386,b'1','D25_admin','$2a$10$ybPwvO2njze0yp1iRhZ8J.HnxvaVLML02qDA5RNmb3Yl.5zz.EiGG','DEPART','0');
INSERT INTO credentials  VALUES(387,b'1','D25_normal','$2a$10$x3McsAt44PqdgHnM0UUOjeaR7xj7LH4.o7WXxZdQ8Maf4z1Zvj6ai','DEPART','0');
INSERT INTO credentials  VALUES(388,b'1','D26_admin','$2a$10$/o8m3M7Zf5EVINDiCsxvEuwB8UrlKwxqrNDEwPgbiZ2qTEyJKtzaq','DEPART','0');
INSERT INTO credentials  VALUES(389,b'1','D26_normal','$2a$10$bmw8E9IFUYnQuh3I0qvBqOLjMlQR1IKZPKkEGjNViKYJFSh0EvUAe','DEPART','0');
INSERT INTO credentials  VALUES(390,b'1','D27W_admin','$2a$10$N653YSTGMd3atnQ6E9Fuq.tGAbCl8krsB76cetAJAIG55Tw0uAhCq','DEPART','0');
INSERT INTO credentials  VALUES(391,b'1','D27W_normal','$2a$10$0zKsHZzVnC.izjKEsqnYWuyk9v1LeOUI5aKT.K4BZMfwe90uRgNuy','DEPART','0');
INSERT INTO credentials  VALUES(392,b'1','D28W_admin','$2a$10$pDlQTsDp2vwNK5pOCMHKNOWg64zG58rL8tCWwkkBMaMcrhr4NSHvK','DEPART','0');
INSERT INTO credentials  VALUES(393,b'1','D28W_normal','$2a$10$GhZnC1jfyoNIVAWJCQEY4.IxZYqUAkYY6nJOKV5K/FVXhz5SSXA4W','DEPART','0');
INSERT INTO credentials  VALUES(394,b'1','E01 _admin','$2a$10$xIO/zHbbhpacW0JK0f3Rd.tbYx.mRTQr31nD6r.KINzvYaUik4VeK','DEPART','0');
INSERT INTO credentials  VALUES(395,b'1','E01 _normal','$2a$10$vRKLptUaJToYFsRtQqp5LeqZn/pB2J0N./ODLkcQY21UnUpiWIB6S','DEPART','0');
INSERT INTO credentials  VALUES(396,b'1','E02 _admin','$2a$10$.ILsztq.tcWS8V3EBL8oDO8c9NK3I.QIPVcpFPFg4sFcbQYv.X6jG','DEPART','0');
INSERT INTO credentials  VALUES(397,b'1','E02 _normal','$2a$10$0fmnhFzXScPfae5iZb4iueYlclGq1Ru9csyOcto11Nm4RU0zoF73W','DEPART','0');
INSERT INTO credentials  VALUES(398,b'1','E03_admin','$2a$10$exHik4nMSZxKi.CAFcIwBOzuCjFX/1Ye2dPpR/NoSCbNaHC6xHXM2','DEPART','0');
INSERT INTO credentials  VALUES(399,b'1','E03_normal','$2a$10$w50zT3pg5WxeaY7UuR3P5.W7iowf5N3FdpREk.EwacQqLkvojSGHG','DEPART','0');
INSERT INTO credentials  VALUES(400,b'1','E04_admin','$2a$10$QVP4Pks9OXsT94v2btH1KOY8TfLfphpCYWqnrgjrRjFUPSGPNxP/6','DEPART','0');
INSERT INTO credentials  VALUES(401,b'1','E04_normal','$2a$10$GKlOhJAWvxBmFkVSeakv3ufmXvcDUuhQxMJjamuDATiXq3iEdpUBC','DEPART','0');
INSERT INTO credentials  VALUES(402,b'1','E05_admin','$2a$10$SamfRD9.LgojVotZGZW7Del9moJBa5XSn/NyRGHZAH2AD0OTFARAe','DEPART','0');
INSERT INTO credentials  VALUES(403,b'1','E05_normal','$2a$10$u1LZXp9FOlTYUY2YjA0RqOeh8oAWp4McE.YeBxvukHG6dCxsayOAi','DEPART','0');
INSERT INTO credentials  VALUES(404,b'1','E06_admin','$2a$10$0lZM5fF77cls5y7vrGmX8.YQ/x2wKimaibK4bzkm0cIAD2zLByUEm','DEPART','0');
INSERT INTO credentials  VALUES(405,b'1','E06_normal','$2a$10$nO7EsnB5IgHF2FlCFV4BIOh//eRT3H/QsqkOSYxiWSI0K4BKnVGkq','DEPART','0');
INSERT INTO credentials  VALUES(406,b'1','E07_admin','$2a$10$nN3qSsru7IbdGwUyOgZv9OI9IbDNhUmlQrU3k9WjKJwVDvP49zsUC','DEPART','0');
INSERT INTO credentials  VALUES(407,b'1','E07_normal','$2a$10$f.xi8wjoKpTNJxy/ZbVinuoWfw3JvBrB0jrQOpRZdpsvg9F5PRMIu','DEPART','0');
INSERT INTO credentials  VALUES(408,b'1','E08_admin','$2a$10$LHyuiZEuQlhaAtHjt/Gg3.jYlmmNQFZk1/gaTwSwvqpZmXWbzTwXi','DEPART','0');
INSERT INTO credentials  VALUES(409,b'1','E08_normal','$2a$10$hh7vJvSpZLypM1qJapbXzOevc7xH1cBOkyEcLfznqH8IBB8EgjkVa','DEPART','0');
INSERT INTO credentials  VALUES(410,b'1','E09_admin','$2a$10$PYL05XuC49eeTSH3ArsWruV.e8O.Gy15ReAOpMaLJpnRaPeI0l/Ja','DEPART','0');
INSERT INTO credentials  VALUES(411,b'1','E09_normal','$2a$10$v8QHZqNAr8qouDhXnjalWuIMplQF8Vn.nJZSh5Glm9UhkZum7ubCW','DEPART','0');
INSERT INTO credentials  VALUES(412,b'1','E10_admin','$2a$10$js//qReCpYA74mPG9314k.buJh16cuLY4BmuzqUiiRJ6iYw09GhYu','DEPART','0');
INSERT INTO credentials  VALUES(413,b'1','E10_normal','$2a$10$dO0MC9.CrSvpFlOotxBM7.w1xO8tcwJ8c2pInTrUNTXN7.G5xu.G.','DEPART','0');
INSERT INTO credentials  VALUES(414,b'1','E11_admin','$2a$10$nfH/QN2KRPKN46qisEJaouQScPrmiPcQ4rPHljSFtjNlQYNZJ2KCy','DEPART','0');
INSERT INTO credentials  VALUES(415,b'1','E11_normal','$2a$10$HZ.FYw4Blcd6gV2YiRedx.0d3Sp81xhPWGYWu9cjLufO00YxWEQzS','DEPART','0');
INSERT INTO credentials  VALUES(416,b'1','E12_admin','$2a$10$0rWNW2xDOmf6h3uW4kopl.PMMSFCVbnnYtQMoMI8ov65Y.P2u9LHq','DEPART','0');
INSERT INTO credentials  VALUES(417,b'1','E12_normal','$2a$10$yZgderMSXHxkuLM2xYa6g.se.h7S2pI2O5wv9cOvZW0/O5eNinyO2','DEPART','0');
INSERT INTO credentials  VALUES(418,b'1','E13_admin','$2a$10$cRBJOn/Zk3ALgpAHZfHxde/KEReCBf6.lZWzJ.WsKMz55fqCjEVcO','DEPART','0');
INSERT INTO credentials  VALUES(419,b'1','E13_normal','$2a$10$ga6nsgsluHKesl31yaBxruQkCFxMfC1iteYnefCcfeOn8A/zvACxu','DEPART','0');
INSERT INTO credentials  VALUES(420,b'1','E14_admin','$2a$10$dQk6OGc9fTUMPvUrmWVVWeONmgH0n932Ho3fQyrfm9GAxpUKODyIW','DEPART','0');
INSERT INTO credentials  VALUES(421,b'1','E14_normal','$2a$10$dV0OHlr1p3DJDAed9VG6oOIhGQ9UiLJmXP68GgQJOAePt4hwBJ42O','DEPART','0');
INSERT INTO credentials  VALUES(422,b'1','E15_admin','$2a$10$hrbcYSmWzyXxUtuOHMW5zOAohciQzalAwoGCRwAfbcwhOFgr/MsLS','DEPART','0');
INSERT INTO credentials  VALUES(423,b'1','E15_normal','$2a$10$vZvXUhYoK8Vq1n6q76FBue.Yq/dJxAYKkCmGy3HaHooWI8.1JH45.','DEPART','0');
INSERT INTO credentials  VALUES(424,b'1','E16_admin','$2a$10$NfPFYnEsUcZNnhRX9rz0Gec0mRtzC23/6RCZ3QUDVCoDdjoOBj3c2','DEPART','0');
INSERT INTO credentials  VALUES(425,b'1','E16_normal','$2a$10$zyihm5koCmLePyOjk6E7UuOKPn83HaU151nJFaCmuCW2VRNRKODB2','DEPART','0');
INSERT INTO credentials  VALUES(426,b'1','E17_admin','$2a$10$qIpK0Nc/Oc2WJDwQwQJgGuK0misLN3rWTq4cQYGLr.QxdVV4ScJs2','DEPART','0');
INSERT INTO credentials  VALUES(427,b'1','E17_normal','$2a$10$B45dMUOdBAXT9ZBpfmpPI.HRQbDHgmfGryE1/HyiFHMiQ77Mo7N/e','DEPART','0');
INSERT INTO credentials  VALUES(428,b'1','E18_admin','$2a$10$bSFvx8KH3//Q5BfkI.wSaOo697KBpE7VeU6QGROIOi1FrcW.raEUG','DEPART','0');
INSERT INTO credentials  VALUES(429,b'1','E18_normal','$2a$10$I5O1RjNInuKsdL1.A3SyWOtC0/P7DmdnlvkdTDGefT1Yi0yyruUgW','DEPART','0');
INSERT INTO credentials  VALUES(430,b'1','E19_admin','$2a$10$jqhTlYpPR.6tEuk0gYKDS.UBFQyntiaam661dPsjELtZ6WelplAcC','DEPART','0');
INSERT INTO credentials  VALUES(431,b'1','E19_normal','$2a$10$8TPaxCzQ/aYUMP3zK.kQMOglY2hp5U5..nv2/WQgT4Rnpxtne9nJu','DEPART','0');
INSERT INTO credentials  VALUES(432,b'1','E20_admin','$2a$10$PHxXHSquNYHB1K62Mc0zQuPsA3Q.uG3gz0ju05y/RP1zNCJX3ytX2','DEPART','0');
INSERT INTO credentials  VALUES(433,b'1','E20_normal','$2a$10$q851zB2ihsC1Zf2UY1IL/OLR6p1qlsT65R3fTaAWFu8dxoTZyGZ/G','DEPART','0');
INSERT INTO credentials  VALUES(434,b'1','E21_admin','$2a$10$oCaGzddSKOF8HuIgffvxSuvMl3fRTqsXcg24tW6YD3zJyjgZtdECC','DEPART','0');
INSERT INTO credentials  VALUES(435,b'1','E21_normal','$2a$10$dvSkpRgZcBWFWAlvwFISP.3mZuTo54Xtapt1awKuMx505DJYcMGnm','DEPART','0');
INSERT INTO credentials  VALUES(436,b'1','E22_admin','$2a$10$T9LDBHLYxcRtx1s3q.UWW.iLZSZoP2NzhsXWC60dPK.TuE9LMljr2','DEPART','0');
INSERT INTO credentials  VALUES(437,b'1','E22_normal','$2a$10$tLm.djILh.qZbqTpB2GW9eRevm9Gg8Ld671DpaBmBkfeyaniaaS2S','DEPART','0');
INSERT INTO credentials  VALUES(438,b'1','E23_admin','$2a$10$zvZ7POFo/hsjnIQ4WXpOwessJH6q6lOIpK0pBGc3.GEzlX8xXX4pa','DEPART','0');
INSERT INTO credentials  VALUES(439,b'1','E23_normal','$2a$10$Uux/kGnvsQXeFm5rhh9DW..sS9lRzc7A2vrFOB0yqZDEe9Ub5JqG2','DEPART','0');
INSERT INTO credentials  VALUES(440,b'1','E24_admin','$2a$10$1HlU5/V8pIL4eDZP71pfIOInqWXzlWyluT7niIWcjqV8rTTaHbVbO','DEPART','0');
INSERT INTO credentials  VALUES(441,b'1','E24_normal','$2a$10$7057KOGZeKz0ICpTQBCKzO.75ItJ2v63c4KOvuZrSoGhXe90D3DCC','DEPART','0');
INSERT INTO credentials  VALUES(442,b'1','E25_admin','$2a$10$UPMAzPra.Yl5VdhoqAw1TeLeDVqfJQ89Wgr9Upf33DRSOFSIL0FZa','DEPART','0');
INSERT INTO credentials  VALUES(443,b'1','E25_normal','$2a$10$Eh6IUiehywveIscejYdnGe2KqGPMxVXqKO34j15Za6BJ4S2zrAiTq','DEPART','0');
INSERT INTO credentials  VALUES(444,b'1','E26_admin','$2a$10$SwvgdF7VRsc.2Z2q9HBANup9sCjr3vPec107T5ePnW2fC5qrHUxfG','DEPART','0');
INSERT INTO credentials  VALUES(445,b'1','E26_normal','$2a$10$xy1q2Y6DdW3J5xWg08wpve.g9VapQ.udIYfOhp4T56i52eU/WRdIe','DEPART','0');
INSERT INTO credentials  VALUES(446,b'1','E27_admin','$2a$10$pbaHQR8jBAbhkyo39qXEV.pMyz.TuMh1yn9gzoagaL2wis/NE75qi','DEPART','0');
INSERT INTO credentials  VALUES(447,b'1','E27_normal','$2a$10$k.N8IElyKjfHiHH9Se7VSu/TG7W4bIVaZOe/9QMQsaUXuLLDBfWR.','DEPART','0');
INSERT INTO credentials  VALUES(448,b'1','E28_admin','$2a$10$wgnM4YMERreT7FNnBpCFSuGr5ukjzb4swB7RWN5bzNJV9t66KXLxC','DEPART','0');
INSERT INTO credentials  VALUES(449,b'1','E28_normal','$2a$10$IQtyTN1FB6u3LCUJQGoMZ.gpxBeGpghyy6ca.GKa3zxCVCz/ItjNe','DEPART','0');
INSERT INTO credentials  VALUES(450,b'1','E29_admin','$2a$10$HA5A6ALF2Kut1A/dfcHGsewWgwrcinLSCmVw8uVMIeQ8PbWTdjqr6','DEPART','0');
INSERT INTO credentials  VALUES(451,b'1','E29_normal','$2a$10$bvSiry9eCTFnGk2hiq02Z.Y2j.bbR1i1oBjV5dLxiEy2Zs8.DJ8sa','DEPART','0');
INSERT INTO credentials  VALUES(452,b'1','E30_admin','$2a$10$chmqtmkojCy8rUHL/Rz6fuDjtp1NCUeMGmKy6ifERrkf7lToenVAm','DEPART','0');
INSERT INTO credentials  VALUES(453,b'1','E30_normal','$2a$10$ZVzvYuIRo3WdsdDgiUaFUu6Hp.II1M4wiSmPhft5xWm3HzbvfzXqa','DEPART','0');
INSERT INTO credentials  VALUES(454,b'1','E32_admin','$2a$10$694oh3db1hbkXPoxr4znhuH9eN3q6ebzqENboiN3i9gCHmcZxKNRK','DEPART','0');
INSERT INTO credentials  VALUES(455,b'1','E32_normal','$2a$10$pS93lYk2SKiXrLPdlGZf.OTD8VlKp.WVOSIXuCJpQIwXXmMxT19FW','DEPART','0');
INSERT INTO credentials  VALUES(456,b'1','E33_admin','$2a$10$x6VQ0.jagxi1BWsuGvvEJuEHCli7VhhosANO8jNwJbF/Bx/EGbToC','DEPART','0');
INSERT INTO credentials  VALUES(457,b'1','E33_normal','$2a$10$mAcfHj/MYisfwPpXz9OY3elbIhYhIQ/YGH81PhCuXpLwUaQSGy8um','DEPART','0');
INSERT INTO credentials  VALUES(458,b'1','E34_admin','$2a$10$a3m4aXLeadWJg.MyQlCrE..VVcN/Wwf4coUBqgrLiN0455a6AgyOm','DEPART','0');
INSERT INTO credentials  VALUES(459,b'1','E34_normal','$2a$10$spobrrlE1piYnVgF.bRQB.BaftOKcdBltbiCXheP0u/3RiQ/3DrRG','DEPART','0');
INSERT INTO credentials  VALUES(460,b'1','E35W_admin','$2a$10$iPZ9I2/DM9H0ayd3PFpsyuQ/MEDWnBn7zsZofDcgylDhkRNJ2DqVq','DEPART','0');
INSERT INTO credentials  VALUES(461,b'1','E35W_normal','$2a$10$CojaqrtSr5h.49iMmD9hEeJ7uMoz2IgwwGd4SdnhFXoX2Qgde8IkS','DEPART','0');
INSERT INTO credentials  VALUES(462,b'1','E36W_admin','$2a$10$SgP51DVXYAYfc5OlEUD4L.VXshq6Ckp7LMEEw0k94DiC39pO143t2','DEPART','0');
INSERT INTO credentials  VALUES(463,b'1','E36W_normal','$2a$10$yre94o.f5F19eZp7c.R1y.qaWvW0xUhmW171KjdwDtwfWgyoAe1li','DEPART','0');
INSERT INTO credentials  VALUES(464,b'1','E37W_admin','$2a$10$iwYvTHXuXoT8mZXpPl6MtOaHVwZX/074vg534HJjjx/yhwyyUr1jy','DEPART','0');
INSERT INTO credentials  VALUES(465,b'1','E37W_normal','$2a$10$8GfV1lqRcbKefNzYrsyFAuQWWVJnu3HzLiLBU4z9Oru5wBAuYknny','DEPART','0');
INSERT INTO credentials  VALUES(466,b'1','E38W_admin','$2a$10$xsWds7JnaYPegzyd5CVzb.RbXID13OAxc6Jm6t4DC2TcJQblXL/Ei','DEPART','0');
INSERT INTO credentials  VALUES(467,b'1','E38W_normal','$2a$10$zFdTxP4ArCivD47YcLf/ouMTD3kqoTRH3DxJW6tpR7pxLIuxML5wC','DEPART','0');
INSERT INTO credentials  VALUES(468,b'1','E39W_admin','$2a$10$BSVbI1bAjZfsu6OjZZU5tOsgN0Zz/sp6QXO3VP0qfW//vz8p6opLy','DEPART','0');
INSERT INTO credentials  VALUES(469,b'1','E39W_normal','$2a$10$zqkudvP4mjtCnzn0MlAiyurUv95yuoKdYl7v4qX5TFf12KM06IY06','DEPART','0');
INSERT INTO credentials  VALUES(470,b'1','E40W_admin','$2a$10$9NGWEz1v3/geLJtG7nBWTOtBfYLyAmw4d0KJ/LD0b4TkPsJygQRyu','DEPART','0');
INSERT INTO credentials  VALUES(471,b'1','E40W_normal','$2a$10$nrwkMeIKGAWJsY03dCQBCe6UOVVt3Te8E9WXIBGR1OBNHc28caBgu','DEPART','0');
INSERT INTO credentials  VALUES(472,b'1','E41W_admin','$2a$10$HT0/HRWP0mP4msC242giKe4UobyeF9P1Wo2kaN9iKj6s.27C73GGO','DEPART','0');
INSERT INTO credentials  VALUES(473,b'1','E41W_normal','$2a$10$/OGrh6U5DAPSP67H/33OoeQyoy.AtvHB0RSprlCCW36PNZHyd5.Sa','DEPART','0');
INSERT INTO credentials  VALUES(474,b'1','E42W_admin','$2a$10$V/p0IE8QZHz99E3FHtu9R.O5iZE52Ay/SRSJHU/7Sew/GJGGBAWfu','DEPART','0');
INSERT INTO credentials  VALUES(475,b'1','E42W_normal','$2a$10$HFErU.fP835brbkjKtCxUOM80IWVjAPace.NWzkEySZQz0DcloOXq','DEPART','0');
INSERT INTO credentials  VALUES(476,b'1','E43W_admin','$2a$10$CxcIeTO8Mm9egbd7tOPT.emNw9.5tC8aAuonLDJ5.7Do7qGgR3y6S','DEPART','0');
INSERT INTO credentials  VALUES(477,b'1','E43W_normal','$2a$10$KSR4SmKn.9xGHsfCTSp.uOGIWclWC3nvEVKm8RcI0dqZkl.FO4UwG','DEPART','0');
INSERT INTO credentials  VALUES(478,b'1','S01_admin','$2a$10$GBKDb/LwZZK7Q0w382Kkhuq703FCIZ8OyOjFIUwl.8CrLNlWJz6jS','DEPART','0');
INSERT INTO credentials  VALUES(479,b'1','S01_normal','$2a$10$14LBN1ZDZrfApnDKeyLj6ewMl2jvM3rQZI2G8qlZDk3ryoJr0kv3e','DEPART','0');
INSERT INTO credentials  VALUES(480,b'1','S02_admin','$2a$10$OU4rU0ngNUZ5fv.PFuqvy.3TjxlEwGemrR/.KdvglKqhCLWAoEmfO','DEPART','0');
INSERT INTO credentials  VALUES(481,b'1','S02_normal','$2a$10$80uv7Dcmq/2WopncrVSJFOrHNfWJX0r2dPS9q/7cyUWMAadryBrGC','DEPART','0');
INSERT INTO credentials  VALUES(482,b'1','S03_admin','$2a$10$PNM7fdQWHPK8.X6Kx/qpluI/PUaZHrUJsVhCBgOdqtk9a7P0jlS2m','DEPART','0');
INSERT INTO credentials  VALUES(483,b'1','S03_normal','$2a$10$7PJVoXehecNOzzVdlxBpFO4VAoYlHwI7fEytC4kPqed2ouwdfOhCu','DEPART','0');
INSERT INTO credentials  VALUES(484,b'1','S04_admin','$2a$10$kuvPWSt8UGe0ju3xgO.u/eUQCG.7LKrL9r0N5S1j3mAH/CiK44gvu','DEPART','0');
INSERT INTO credentials  VALUES(485,b'1','S04_normal','$2a$10$.Aq4x1z14q0U9JL29jBGtuCBBtZbh48eRTfG7Pn0GjikWvRxSf1TW','DEPART','0');
INSERT INTO credentials  VALUES(486,b'1','S05_admin','$2a$10$t0F9P7R.hzJi3PFMIkXx5e984fXu8agFoe.J5TCkbsuw7FRG7wQtO','DEPART','0');
INSERT INTO credentials  VALUES(487,b'1','S05_normal','$2a$10$QnoQmESMDdqB.O0kE0kBu.gxOEEkfgvyCEPWHTiJahLVUnSbCNUr.','DEPART','0');
INSERT INTO credentials  VALUES(488,b'1','S06_admin','$2a$10$D25lGkhUBZzqlWEkDqqriemxNMcVPgyWMrNvUOqi/yNLZ6NVFi.pa','DEPART','0');
INSERT INTO credentials  VALUES(489,b'1','S06_normal','$2a$10$JasFEy2tBkkVgB.JBaf3e.jJ9OBNwhl8x7sbDis7KgMa2qzvSLzOK','DEPART','0');
INSERT INTO credentials  VALUES(490,b'1','S07_admin','$2a$10$FTx11/aN.igC9AMbDjCiaukGheVdGHXTkuzhhfFo/LNZcc8KdcQCq','DEPART','0');
INSERT INTO credentials  VALUES(491,b'1','S07_normal','$2a$10$6ADRVQcspoqwjE8vlGJ5A.NtRk14tdlHuMRrEqtj1ME.6Abas13LC','DEPART','0');
INSERT INTO credentials  VALUES(492,b'1','S08_admin','$2a$10$6PHHT0DreQf83RZta2IBoulCnOzLuqWbcqFrqACTaeqciF4JpmlBS','DEPART','0');
INSERT INTO credentials  VALUES(493,b'1','S08_normal','$2a$10$qCEHdQ4OK9qmfWxKrUNlReSZXpx1ItLrmJpDLLAvbiTAbMl8TYD3S','DEPART','0');
INSERT INTO credentials  VALUES(494,b'1','S09_admin','$2a$10$323HhKYvCA68vGIyU1N8QO.qngWCU8Zv12RD0jS1RJZiyS9l/v4tq','DEPART','0');
INSERT INTO credentials  VALUES(495,b'1','S09_normal','$2a$10$AvilQIrviZiqR31Qp3eNreHdWRmeWEVu55oPEj6gQWIJJgcVNbJbi','DEPART','0');
INSERT INTO credentials  VALUES(496,b'1','S10_admin','$2a$10$sKcpxEmy0ZIGNdII.AQKLeot7aPFAiEu/j1re8VzBe/OTncq0ARgW','DEPART','0');
INSERT INTO credentials  VALUES(497,b'1','S10_normal','$2a$10$QBVfMwhq4DJztX1BW.UAeufbgzGA3AvoMom.pRa1Xuof6l7hDcI86','DEPART','0');
INSERT INTO credentials  VALUES(498,b'1','S11_admin','$2a$10$x4zDfC8bCzCH9Jdkw.Y9NeCdrdPK0DkxA/bqXArYfNhihaknosV1S','DEPART','0');
INSERT INTO credentials  VALUES(499,b'1','S11_normal','$2a$10$JHSts4JHelHPiXMWy0ijuOAnHQbqTl0d7ypUTRzQ20Z5wQxPG4KSC','DEPART','0');
INSERT INTO credentials  VALUES(500,b'1','S12_admin','$2a$10$l9taEORasxgbdunMDL6K2OMGwp6NSEt2LUL5D8DV95kU7fKBTbSUG','DEPART','0');
INSERT INTO credentials  VALUES(501,b'1','S12_normal','$2a$10$okGP2lcuU9FfBWB899loSeWS3AbSv3B9gziM7LpvSbVXIKIiBh.xO','DEPART','0');
INSERT INTO credentials  VALUES(502,b'1','S13_admin','$2a$10$3d2KQa61e0Ag7msxfw0VR.Wzc9z6b9buPYHQHqMZgtb7S.AbDq672','DEPART','0');
INSERT INTO credentials  VALUES(503,b'1','S13_normal','$2a$10$En7QwL31xfXeR653C796uuLkiB2nKUU0X.quSwbyJE7vyUNMSPZWG','DEPART','0');
INSERT INTO credentials  VALUES(504,b'1','S14_admin','$2a$10$VNATEkfHiGUsm25R9Vsa6e4SZgj7TSFzSZB.ZGaCm2XdlzxZPCG5u','DEPART','0');
INSERT INTO credentials  VALUES(505,b'1','S14_normal','$2a$10$P9M92urIObyjgQGsgytSQeF.dZLotaWMkqrv8Ke6akGi0NYnLjARu','DEPART','0');
INSERT INTO credentials  VALUES(506,b'1','S15_admin','$2a$10$jT1C57a0g69yBaRSVrzOrOle7ntyQtWMtebPVxgAdl1k1e5TrfGBW','DEPART','0');
INSERT INTO credentials  VALUES(507,b'1','S15_normal','$2a$10$CFSCDtlf0QxzAS0cBfjlV.E9YhVAcB7QMBIXOpL9mikuMjN6EaMli','DEPART','0');
INSERT INTO credentials  VALUES(508,b'1','S16_admin','$2a$10$tF2Uw4Mr.Qsfv62zYjob1eEG7rLTXZMuiyoFYooTSth9YL.yGKvIS','DEPART','0');
INSERT INTO credentials  VALUES(509,b'1','S16_normal','$2a$10$14r5017.S1fTa7ATEcTbgO0xmlxOx6iCAdFm3Xo0.0ZZDeUohSgc2','DEPART','0');
INSERT INTO credentials  VALUES(510,b'1','S17_admin','$2a$10$4CuLrXh/bFpldZu8d5YBFutpgTGkL5CRlgH8.LQ9oDNBbM0qnCVge','DEPART','0');
INSERT INTO credentials  VALUES(511,b'1','S17_normal','$2a$10$lXWzejJ945.Be3TnV4VZn.hw8AjtSb16j/tnD2h/XDVG.NCVS57TK','DEPART','0');
INSERT INTO credentials  VALUES(512,b'1','S18_admin','$2a$10$zESkJE5ek4U/11FOxEWNaerZWg3r86kN/PJxAaEDOYNRttxhivZgq','DEPART','0');
INSERT INTO credentials  VALUES(513,b'1','S18_normal','$2a$10$BTRIdG1XLOr3YYq9dZFUCOsF6Y9XZbeeyUVbP.JUDpdYj/.Ss.Jfy','DEPART','0');
INSERT INTO credentials  VALUES(514,b'1','S19_admin','$2a$10$T9uhxUXyfwjyB2.lj9PFWeMH0KAiiV65bV4jY.w2kON0zcyl8V2ca','DEPART','0');
INSERT INTO credentials  VALUES(515,b'1','S19_normal','$2a$10$27AGvHmLAvo73tkurPOpcOvjDmnE1jiW91q/JkboY7WrzM8cmf8D2','DEPART','0');
INSERT INTO credentials  VALUES(516,b'1','S20_admin','$2a$10$bX5pk5mQRjbp8H0.55/mWOhQCZbhedX4Qa5XeEn3y8dEw4wPI9mou','DEPART','0');
INSERT INTO credentials  VALUES(517,b'1','S20_normal','$2a$10$7yUhkjxkhdJPBWDQ8FxslOVP8yTBev.zewOvjqySXhCz4RvskETB6','DEPART','0');
INSERT INTO credentials  VALUES(518,b'1','S21_admin','$2a$10$VgbngHHFhqNSf0y0Dj6ENeeQV5HjvAeriT.yhapsErn37xDAOvlia','DEPART','0');
INSERT INTO credentials  VALUES(519,b'1','S21_normal','$2a$10$gmvF97ggjJF2Ii0.B2sryOj0Disa.qSW1BhL37DW.JLtkM7IMWqpW','DEPART','0');
INSERT INTO credentials  VALUES(520,b'1','S22_admin','$2a$10$HUdNMLWKE6f6o7StWUM5CusXD24tTdNOzfF3OEK/IuJySsakqUJMG','DEPART','0');
INSERT INTO credentials  VALUES(521,b'1','S22_normal','$2a$10$PovUNTvlY/q0CEEyDtk2luZGJ25cKVw4KK68uIx0lKazbuqtwPCYm','DEPART','0');
INSERT INTO credentials  VALUES(522,b'1','S23_admin','$2a$10$BYvjgGvMzVWbZCBHPKokputQU/YG5aGDTNRPirrIBnGI4s8NdY5Q.','DEPART','0');
INSERT INTO credentials  VALUES(523,b'1','S23_normal','$2a$10$npwSZLNxbE1lbf7awHE63u/72kDtq5okMVmFhZSh4Y/RZS4Il1Vu2','DEPART','0');
INSERT INTO credentials  VALUES(524,b'1','S24_admin','$2a$10$PE/Br89mYs3EEHgxPL27/O2aoMmqwNr4aFQWN2V8mw4OElzHDekTu','DEPART','0');
INSERT INTO credentials  VALUES(525,b'1','S24_normal','$2a$10$hE7slQ2P5wSmLkMR0icsUeU0JX11PSBNdGZJkDE/wXlPT.qY3rYDm','DEPART','0');
INSERT INTO credentials  VALUES(526,b'1','S25_admin','$2a$10$mhm9yG9jzrHciH18sO3uPONWhjPa4G67LBXtYpc9maIOQA0I06kNC','DEPART','0');
INSERT INTO credentials  VALUES(527,b'1','S25_normal','$2a$10$.rE17BvnhV4IZTO4/1hhlu9lUL5t2efkUrYeaq.SDfR/3YqzcHQE2','DEPART','0');
INSERT INTO credentials  VALUES(528,b'1','S26_admin','$2a$10$QLAyWHaJDQcJ9l9Qm/wtjeiguh0tnlxX3WBDC7Wjb11vszo67Qvjm','DEPART','0');
INSERT INTO credentials  VALUES(529,b'1','S26_normal','$2a$10$UfHPgAybC.khxlqkpKDe7.SDdQZlOHfY4NcgRpOQP76dt7PLBW30S','DEPART','0');
INSERT INTO credentials  VALUES(530,b'1','S27_admin','$2a$10$sHxMzdoxW4vegujn6HgwbuouOH31qcPR4bBX6Uly9ncgfQarNBgGe','DEPART','0');
INSERT INTO credentials  VALUES(531,b'1','S27_normal','$2a$10$hMJCrc.slT/Yd/OHxaTCgu5ZdE.DU3eJveNii7NiZLQP/gUeWqLqq','DEPART','0');
INSERT INTO credentials  VALUES(532,b'1','S28_admin','$2a$10$9xk/qn5ryjsLVZ3B1Y9MW.SO17ASSRklkmNmscjDRGGzTTamZl.xy','DEPART','0');
INSERT INTO credentials  VALUES(533,b'1','S28_normal','$2a$10$b..Dpwr7S/GbAc15h4NoNu8u6t.WFpoPOM0KwAXttOlxjfxakQLIa','DEPART','0');
INSERT INTO credentials  VALUES(534,b'1','S29_admin','$2a$10$BdQcNglbuZWA5wLwm.SMCOpUXWHNd8V49Qt09yqsLpZwwK.MsvIBu','DEPART','0');
INSERT INTO credentials  VALUES(535,b'1','S29_normal','$2a$10$mYFzdmE1NzOgXVb/.O/FGedPiOuZR0PiBrdDnlTodakVMKtZnoqL2','DEPART','0');
INSERT INTO credentials  VALUES(536,b'1','S30_admin','$2a$10$frreJ5WDan1iEaJ49siVaOmZJG0sbieNj8k0ndAAXtiNCl8csDcSi','DEPART','0');
INSERT INTO credentials  VALUES(537,b'1','S30_normal','$2a$10$.r6umIN8QKwoVOBKV45Jte0n1W0cMOvLeMZYLOK3CNOYmm3On/Zbi','DEPART','0');
INSERT INTO credentials  VALUES(538,b'1','S31_admin','$2a$10$kBEaQhtvhmku6ck1/AXyAufVpSYk/0tzRxl2zsM823ZPjfAboxdsu','DEPART','0');
INSERT INTO credentials  VALUES(539,b'1','S31_normal','$2a$10$0zEJMzmylg7s9IyWMMUGMe4nY1F3n9doKN2HnP09hZ983L88D67aG','DEPART','0');
INSERT INTO credentials  VALUES(540,b'1','S32_admin','$2a$10$ggcuzaB4Qgrwl7tctVvRCeJLXA.zD/0DVXsMu1he6lY/cHfYcQnLm','DEPART','0');
INSERT INTO credentials  VALUES(541,b'1','S32_normal','$2a$10$wNzE4cFb0BEkTbrhr0YDRucvywFSAIg90twSLt2qditWxmQPwKM.e','DEPART','0');
INSERT INTO credentials  VALUES(542,b'1','test','$2a$10$Rfh93hckGzL.8gG8oT1CfODwxNurJ8OHqpPcvtUNQGsG0IGeSBmIq','DEPART','0');
INSERT INTO credentials  VALUES(543,b'1','S06_admin_dalian','$2a$10$D25lGkhUBZzqlWEkDqqriemxNMcVPgyWMrNvUOqi/yNLZ6NVFi.pa','DEPART','0');
INSERT INTO credentials  VALUES(544,b'1','S06_normal_dalian','$2a$10$JasFEy2tBkkVgB.JBaf3e.jJ9OBNwhl8x7sbDis7KgMa2qzvSLzOK','DEPART','0');
INSERT INTO credentials  VALUES(545,b'1','S06_admin_shenyang','$2a$10$D25lGkhUBZzqlWEkDqqriemxNMcVPgyWMrNvUOqi/yNLZ6NVFi.pa','DEPART','0');
INSERT INTO credentials  VALUES(546,b'1','S06_normal_shenyang','$2a$10$JasFEy2tBkkVgB.JBaf3e.jJ9OBNwhl8x7sbDis7KgMa2qzvSLzOK','DEPART','0');
INSERT INTO credentials  VALUES(547,b'1','S23_admin_chengdu','$2a$10$BYvjgGvMzVWbZCBHPKokputQU/YG5aGDTNRPirrIBnGI4s8NdY5Q.','DEPART','0');
INSERT INTO credentials  VALUES(548,b'1','S23_normal_chengdu','$2a$10$npwSZLNxbE1lbf7awHE63u/72kDtq5okMVmFhZSh4Y/RZS4Il1Vu2','DEPART','0');
INSERT INTO credentials  VALUES(549,b'1','S17_admin_xiangyang','$2a$10$4CuLrXh/bFpldZu8d5YBFutpgTGkL5CRlgH8.LQ9oDNBbM0qnCVge','DEPART','0');
INSERT INTO credentials  VALUES(550,b'1','S17_normal_xiangyang','$2a$10$lXWzejJ945.Be3TnV4VZn.hw8AjtSb16j/tnD2h/XDVG.NCVS57TK','DEPART','0');
INSERT INTO credentials  VALUES(551,b'1','S24_admin_guiyang','$2a$10$PE/Br89mYs3EEHgxPL27/O2aoMmqwNr4aFQWN2V8mw4OElzHDekTu','DEPART','0');
INSERT INTO credentials  VALUES(552,b'1','S24_normal_guiyang','$2a$10$hE7slQ2P5wSmLkMR0icsUeU0JX11PSBNdGZJkDE/wXlPT.qY3rYDm','DEPART','0');
INSERT INTO credentials  VALUES(553,b'1','S15_admin_ssxh','$2a$10$jT1C57a0g69yBaRSVrzOrOle7ntyQtWMtebPVxgAdl1k1e5TrfGBW','DEPART','0');
INSERT INTO credentials  VALUES(554,b'1','S15_normal_ssxh','$2a$10$CFSCDtlf0QxzAS0cBfjlV.E9YhVAcB7QMBIXOpL9mikuMjN6EaMli','DEPART','0');


INSERT INTO credentials_authorities VALUE (1,1);
INSERT INTO credentials_authorities VALUE (2,2);
INSERT INTO credentials_authorities VALUE (3,3);
INSERT INTO credentials_authorities VALUE (4,1);
INSERT INTO credentials_authorities VALUE (5,4);
INSERT INTO credentials_authorities VALUE (6,6);
INSERT INTO credentials_authorities VALUE (7,6);
INSERT INTO credentials_authorities VALUE (8,6);
INSERT INTO credentials_authorities VALUE (9,6);
INSERT INTO credentials_authorities VALUE (10,6);
INSERT INTO credentials_authorities VALUE (11,6);
INSERT INTO credentials_authorities VALUE (12,6);
INSERT INTO credentials_authorities VALUE (13,6);
INSERT INTO credentials_authorities VALUE (14,6);
INSERT INTO credentials_authorities VALUE (15,6);
INSERT INTO credentials_authorities VALUE (16,6);
INSERT INTO credentials_authorities VALUE (17,6);
INSERT INTO credentials_authorities VALUE (18,6);
INSERT INTO credentials_authorities VALUE (19,6);
INSERT INTO credentials_authorities VALUE (20,6);
INSERT INTO credentials_authorities VALUE (21,6);
INSERT INTO credentials_authorities VALUE (22,6);
INSERT INTO credentials_authorities VALUE (23,6);
INSERT INTO credentials_authorities VALUE (24,6);
INSERT INTO credentials_authorities VALUE (25,6);
INSERT INTO credentials_authorities VALUE (26,6);
INSERT INTO credentials_authorities VALUE (27,6);
INSERT INTO credentials_authorities VALUE (28,6);
INSERT INTO credentials_authorities VALUE (29,6);
INSERT INTO credentials_authorities VALUE (30,6);
INSERT INTO credentials_authorities VALUE (31,6);
INSERT INTO credentials_authorities VALUE (32,6);
INSERT INTO credentials_authorities VALUE (33,6);
INSERT INTO credentials_authorities VALUE (34,6);
INSERT INTO credentials_authorities VALUE (35,6);
INSERT INTO credentials_authorities VALUE (36,6);
INSERT INTO credentials_authorities VALUE (37,6);
INSERT INTO credentials_authorities VALUE (38,6);
INSERT INTO credentials_authorities VALUE (39,6);
INSERT INTO credentials_authorities VALUE (40,6);
INSERT INTO credentials_authorities VALUE (41,6);
INSERT INTO credentials_authorities VALUE (42,6);
INSERT INTO credentials_authorities VALUE (43,6);
INSERT INTO credentials_authorities VALUE (44,6);
INSERT INTO credentials_authorities VALUE (45,6);
INSERT INTO credentials_authorities VALUE (46,6);
INSERT INTO credentials_authorities VALUE (47,6);
INSERT INTO credentials_authorities VALUE (48,6);
INSERT INTO credentials_authorities VALUE (49,6);
INSERT INTO credentials_authorities VALUE (50,6);
INSERT INTO credentials_authorities VALUE (51,6);
INSERT INTO credentials_authorities VALUE (52,6);
INSERT INTO credentials_authorities VALUE (53,6);
INSERT INTO credentials_authorities VALUE (54,6);
INSERT INTO credentials_authorities VALUE (55,6);
INSERT INTO credentials_authorities VALUE (56,6);
INSERT INTO credentials_authorities VALUE (57,6);
INSERT INTO credentials_authorities VALUE (58,6);
INSERT INTO credentials_authorities VALUE (59,6);
INSERT INTO credentials_authorities VALUE (60,6);
INSERT INTO credentials_authorities VALUE (61,6);
INSERT INTO credentials_authorities VALUE (62,6);
INSERT INTO credentials_authorities VALUE (63,6);
INSERT INTO credentials_authorities VALUE (64,6);
INSERT INTO credentials_authorities VALUE (65,6);
INSERT INTO credentials_authorities VALUE (66,6);
INSERT INTO credentials_authorities VALUE (67,6);
INSERT INTO credentials_authorities VALUE (68,6);
INSERT INTO credentials_authorities VALUE (69,6);
INSERT INTO credentials_authorities VALUE (70,6);
INSERT INTO credentials_authorities VALUE (71,6);
INSERT INTO credentials_authorities VALUE (72,6);
INSERT INTO credentials_authorities VALUE (73,6);
INSERT INTO credentials_authorities VALUE (74,6);
INSERT INTO credentials_authorities VALUE (75,6);
INSERT INTO credentials_authorities VALUE (76,6);
INSERT INTO credentials_authorities VALUE (77,6);
INSERT INTO credentials_authorities VALUE (78,6);
INSERT INTO credentials_authorities VALUE (79,6);
INSERT INTO credentials_authorities VALUE (80,6);
INSERT INTO credentials_authorities VALUE (81,6);
INSERT INTO credentials_authorities VALUE (82,6);
INSERT INTO credentials_authorities VALUE (83,6);
INSERT INTO credentials_authorities VALUE (84,6);
INSERT INTO credentials_authorities VALUE (85,6);
INSERT INTO credentials_authorities VALUE (86,6);
INSERT INTO credentials_authorities VALUE (87,6);
INSERT INTO credentials_authorities VALUE (88,6);
INSERT INTO credentials_authorities VALUE (89,6);
INSERT INTO credentials_authorities VALUE (90,6);
INSERT INTO credentials_authorities VALUE (91,6);
INSERT INTO credentials_authorities VALUE (92,6);
INSERT INTO credentials_authorities VALUE (93,6);
INSERT INTO credentials_authorities VALUE (94,6);
INSERT INTO credentials_authorities VALUE (95,6);
INSERT INTO credentials_authorities VALUE (96,6);
INSERT INTO credentials_authorities VALUE (97,6);
INSERT INTO credentials_authorities VALUE (98,6);
INSERT INTO credentials_authorities VALUE (99,6);
INSERT INTO credentials_authorities VALUE (100,6);
INSERT INTO credentials_authorities VALUE (101,6);
INSERT INTO credentials_authorities VALUE (102,6);
INSERT INTO credentials_authorities VALUE (103,6);
INSERT INTO credentials_authorities VALUE (104,6);
INSERT INTO credentials_authorities VALUE (105,6);
INSERT INTO credentials_authorities VALUE (106,6);
INSERT INTO credentials_authorities VALUE (107,6);
INSERT INTO credentials_authorities VALUE (108,6);
INSERT INTO credentials_authorities VALUE (109,6);
INSERT INTO credentials_authorities VALUE (110,6);
INSERT INTO credentials_authorities VALUE (111,6);
INSERT INTO credentials_authorities VALUE (112,6);
INSERT INTO credentials_authorities VALUE (113,6);
INSERT INTO credentials_authorities VALUE (114,6);
INSERT INTO credentials_authorities VALUE (115,6);
INSERT INTO credentials_authorities VALUE (116,6);
INSERT INTO credentials_authorities VALUE (117,6);
INSERT INTO credentials_authorities VALUE (118,6);
INSERT INTO credentials_authorities VALUE (119,6);
INSERT INTO credentials_authorities VALUE (120,6);
INSERT INTO credentials_authorities VALUE (121,6);
INSERT INTO credentials_authorities VALUE (122,6);
INSERT INTO credentials_authorities VALUE (123,6);
INSERT INTO credentials_authorities VALUE (124,6);
INSERT INTO credentials_authorities VALUE (125,6);
INSERT INTO credentials_authorities VALUE (126,6);
INSERT INTO credentials_authorities VALUE (127,6);
INSERT INTO credentials_authorities VALUE (128,6);
INSERT INTO credentials_authorities VALUE (129,6);
INSERT INTO credentials_authorities VALUE (130,6);
INSERT INTO credentials_authorities VALUE (131,6);
INSERT INTO credentials_authorities VALUE (132,6);
INSERT INTO credentials_authorities VALUE (133,6);
INSERT INTO credentials_authorities VALUE (134,6);
INSERT INTO credentials_authorities VALUE (135,6);
INSERT INTO credentials_authorities VALUE (136,6);
INSERT INTO credentials_authorities VALUE (137,6);
INSERT INTO credentials_authorities VALUE (138,6);
INSERT INTO credentials_authorities VALUE (139,6);
INSERT INTO credentials_authorities VALUE (140,6);
INSERT INTO credentials_authorities VALUE (141,6);
INSERT INTO credentials_authorities VALUE (142,6);
INSERT INTO credentials_authorities VALUE (143,6);
INSERT INTO credentials_authorities VALUE (144,6);
INSERT INTO credentials_authorities VALUE (145,6);
INSERT INTO credentials_authorities VALUE (146,6);
INSERT INTO credentials_authorities VALUE (147,6);
INSERT INTO credentials_authorities VALUE (148,6);
INSERT INTO credentials_authorities VALUE (149,6);
INSERT INTO credentials_authorities VALUE (150,6);
INSERT INTO credentials_authorities VALUE (151,6);
INSERT INTO credentials_authorities VALUE (152,6);
INSERT INTO credentials_authorities VALUE (153,6);
INSERT INTO credentials_authorities VALUE (154,6);
INSERT INTO credentials_authorities VALUE (155,6);
INSERT INTO credentials_authorities VALUE (156,6);
INSERT INTO credentials_authorities VALUE (157,6);
INSERT INTO credentials_authorities VALUE (158,6);
INSERT INTO credentials_authorities VALUE (159,6);
INSERT INTO credentials_authorities VALUE (160,6);
INSERT INTO credentials_authorities VALUE (161,6);
INSERT INTO credentials_authorities VALUE (162,6);
INSERT INTO credentials_authorities VALUE (163,6);
INSERT INTO credentials_authorities VALUE (164,6);
INSERT INTO credentials_authorities VALUE (165,6);
INSERT INTO credentials_authorities VALUE (166,6);
INSERT INTO credentials_authorities VALUE (167,6);
INSERT INTO credentials_authorities VALUE (168,6);
INSERT INTO credentials_authorities VALUE (169,6);
INSERT INTO credentials_authorities VALUE (170,6);
INSERT INTO credentials_authorities VALUE (171,6);
INSERT INTO credentials_authorities VALUE (172,6);
INSERT INTO credentials_authorities VALUE (173,6);
INSERT INTO credentials_authorities VALUE (174,6);
INSERT INTO credentials_authorities VALUE (175,6);
INSERT INTO credentials_authorities VALUE (176,6);
INSERT INTO credentials_authorities VALUE (177,6);
INSERT INTO credentials_authorities VALUE (178,6);
INSERT INTO credentials_authorities VALUE (179,6);
INSERT INTO credentials_authorities VALUE (180,6);
INSERT INTO credentials_authorities VALUE (181,6);
INSERT INTO credentials_authorities VALUE (182,6);
INSERT INTO credentials_authorities VALUE (183,6);
INSERT INTO credentials_authorities VALUE (184,6);
INSERT INTO credentials_authorities VALUE (185,6);
INSERT INTO credentials_authorities VALUE (186,6);
INSERT INTO credentials_authorities VALUE (187,6);
INSERT INTO credentials_authorities VALUE (188,6);
INSERT INTO credentials_authorities VALUE (189,6);
INSERT INTO credentials_authorities VALUE (190,6);
INSERT INTO credentials_authorities VALUE (191,6);
INSERT INTO credentials_authorities VALUE (192,6);
INSERT INTO credentials_authorities VALUE (193,6);
INSERT INTO credentials_authorities VALUE (194,6);
INSERT INTO credentials_authorities VALUE (195,6);
INSERT INTO credentials_authorities VALUE (196,6);
INSERT INTO credentials_authorities VALUE (197,6);
INSERT INTO credentials_authorities VALUE (198,6);
INSERT INTO credentials_authorities VALUE (199,6);
INSERT INTO credentials_authorities VALUE (200,6);
INSERT INTO credentials_authorities VALUE (201,6);
INSERT INTO credentials_authorities VALUE (202,6);
INSERT INTO credentials_authorities VALUE (203,6);
INSERT INTO credentials_authorities VALUE (204,6);
INSERT INTO credentials_authorities VALUE (205,6);
INSERT INTO credentials_authorities VALUE (206,6);
INSERT INTO credentials_authorities VALUE (207,6);
INSERT INTO credentials_authorities VALUE (208,6);
INSERT INTO credentials_authorities VALUE (209,6);
INSERT INTO credentials_authorities VALUE (210,6);
INSERT INTO credentials_authorities VALUE (211,6);
INSERT INTO credentials_authorities VALUE (212,6);
INSERT INTO credentials_authorities VALUE (213,6);
INSERT INTO credentials_authorities VALUE (214,6);
INSERT INTO credentials_authorities VALUE (215,6);
INSERT INTO credentials_authorities VALUE (216,6);
INSERT INTO credentials_authorities VALUE (217,6);
INSERT INTO credentials_authorities VALUE (218,6);
INSERT INTO credentials_authorities VALUE (219,6);
INSERT INTO credentials_authorities VALUE (220,6);
INSERT INTO credentials_authorities VALUE (221,6);
INSERT INTO credentials_authorities VALUE (222,6);
INSERT INTO credentials_authorities VALUE (223,6);
INSERT INTO credentials_authorities VALUE (224,6);
INSERT INTO credentials_authorities VALUE (225,6);
INSERT INTO credentials_authorities VALUE (226,6);
INSERT INTO credentials_authorities VALUE (227,6);
INSERT INTO credentials_authorities VALUE (228,6);
INSERT INTO credentials_authorities VALUE (229,6);
INSERT INTO credentials_authorities VALUE (230,6);
INSERT INTO credentials_authorities VALUE (231,6);
INSERT INTO credentials_authorities VALUE (232,6);
INSERT INTO credentials_authorities VALUE (233,6);
INSERT INTO credentials_authorities VALUE (234,6);
INSERT INTO credentials_authorities VALUE (235,6);
INSERT INTO credentials_authorities VALUE (236,6);
INSERT INTO credentials_authorities VALUE (237,6);
INSERT INTO credentials_authorities VALUE (238,6);
INSERT INTO credentials_authorities VALUE (239,6);
INSERT INTO credentials_authorities VALUE (240,6);
INSERT INTO credentials_authorities VALUE (241,6);
INSERT INTO credentials_authorities VALUE (242,6);
INSERT INTO credentials_authorities VALUE (243,6);
INSERT INTO credentials_authorities VALUE (244,6);
INSERT INTO credentials_authorities VALUE (245,6);
INSERT INTO credentials_authorities VALUE (246,6);
INSERT INTO credentials_authorities VALUE (247,6);
INSERT INTO credentials_authorities VALUE (248,6);
INSERT INTO credentials_authorities VALUE (249,6);
INSERT INTO credentials_authorities VALUE (250,6);
INSERT INTO credentials_authorities VALUE (251,6);
INSERT INTO credentials_authorities VALUE (252,6);
INSERT INTO credentials_authorities VALUE (253,6);
INSERT INTO credentials_authorities VALUE (254,6);
INSERT INTO credentials_authorities VALUE (255,6);
INSERT INTO credentials_authorities VALUE (256,6);
INSERT INTO credentials_authorities VALUE (257,6);
INSERT INTO credentials_authorities VALUE (258,6);
INSERT INTO credentials_authorities VALUE (259,6);
INSERT INTO credentials_authorities VALUE (260,6);
INSERT INTO credentials_authorities VALUE (261,6);
INSERT INTO credentials_authorities VALUE (262,6);
INSERT INTO credentials_authorities VALUE (263,6);
INSERT INTO credentials_authorities VALUE (264,6);
INSERT INTO credentials_authorities VALUE (265,6);
INSERT INTO credentials_authorities VALUE (266,6);
INSERT INTO credentials_authorities VALUE (267,6);
INSERT INTO credentials_authorities VALUE (268,6);
INSERT INTO credentials_authorities VALUE (269,6);
INSERT INTO credentials_authorities VALUE (270,6);
INSERT INTO credentials_authorities VALUE (271,6);
INSERT INTO credentials_authorities VALUE (272,6);
INSERT INTO credentials_authorities VALUE (273,6);
INSERT INTO credentials_authorities VALUE (274,6);
INSERT INTO credentials_authorities VALUE (275,6);
INSERT INTO credentials_authorities VALUE (276,6);
INSERT INTO credentials_authorities VALUE (277,6);
INSERT INTO credentials_authorities VALUE (278,6);
INSERT INTO credentials_authorities VALUE (279,6);
INSERT INTO credentials_authorities VALUE (280,6);
INSERT INTO credentials_authorities VALUE (281,6);
INSERT INTO credentials_authorities VALUE (282,6);
INSERT INTO credentials_authorities VALUE (283,6);
INSERT INTO credentials_authorities VALUE (284,6);
INSERT INTO credentials_authorities VALUE (285,6);
INSERT INTO credentials_authorities VALUE (286,6);
INSERT INTO credentials_authorities VALUE (287,6);
INSERT INTO credentials_authorities VALUE (288,6);
INSERT INTO credentials_authorities VALUE (289,6);
INSERT INTO credentials_authorities VALUE (290,6);
INSERT INTO credentials_authorities VALUE (291,6);
INSERT INTO credentials_authorities VALUE (292,6);
INSERT INTO credentials_authorities VALUE (293,6);
INSERT INTO credentials_authorities VALUE (294,6);
INSERT INTO credentials_authorities VALUE (295,6);
INSERT INTO credentials_authorities VALUE (296,6);
INSERT INTO credentials_authorities VALUE (297,6);
INSERT INTO credentials_authorities VALUE (298,6);
INSERT INTO credentials_authorities VALUE (299,6);
INSERT INTO credentials_authorities VALUE (300,6);
INSERT INTO credentials_authorities VALUE (301,6);
INSERT INTO credentials_authorities VALUE (302,6);
INSERT INTO credentials_authorities VALUE (303,6);
INSERT INTO credentials_authorities VALUE (304,6);
INSERT INTO credentials_authorities VALUE (305,6);
INSERT INTO credentials_authorities VALUE (306,6);
INSERT INTO credentials_authorities VALUE (307,6);
INSERT INTO credentials_authorities VALUE (308,6);
INSERT INTO credentials_authorities VALUE (309,6);
INSERT INTO credentials_authorities VALUE (310,6);
INSERT INTO credentials_authorities VALUE (311,6);
INSERT INTO credentials_authorities VALUE (312,6);
INSERT INTO credentials_authorities VALUE (313,6);
INSERT INTO credentials_authorities VALUE (314,6);
INSERT INTO credentials_authorities VALUE (315,6);
INSERT INTO credentials_authorities VALUE (316,6);
INSERT INTO credentials_authorities VALUE (317,6);
INSERT INTO credentials_authorities VALUE (318,6);
INSERT INTO credentials_authorities VALUE (319,6);
INSERT INTO credentials_authorities VALUE (320,6);
INSERT INTO credentials_authorities VALUE (321,6);
INSERT INTO credentials_authorities VALUE (322,6);
INSERT INTO credentials_authorities VALUE (323,6);
INSERT INTO credentials_authorities VALUE (324,6);
INSERT INTO credentials_authorities VALUE (325,6);
INSERT INTO credentials_authorities VALUE (326,6);
INSERT INTO credentials_authorities VALUE (327,6);
INSERT INTO credentials_authorities VALUE (328,6);
INSERT INTO credentials_authorities VALUE (329,6);
INSERT INTO credentials_authorities VALUE (330,6);
INSERT INTO credentials_authorities VALUE (331,6);
INSERT INTO credentials_authorities VALUE (332,6);
INSERT INTO credentials_authorities VALUE (333,6);
INSERT INTO credentials_authorities VALUE (334,6);
INSERT INTO credentials_authorities VALUE (335,6);
INSERT INTO credentials_authorities VALUE (336,6);
INSERT INTO credentials_authorities VALUE (337,6);
INSERT INTO credentials_authorities VALUE (338,6);
INSERT INTO credentials_authorities VALUE (339,6);
INSERT INTO credentials_authorities VALUE (340,6);
INSERT INTO credentials_authorities VALUE (341,6);
INSERT INTO credentials_authorities VALUE (342,6);
INSERT INTO credentials_authorities VALUE (343,6);
INSERT INTO credentials_authorities VALUE (344,6);
INSERT INTO credentials_authorities VALUE (345,6);
INSERT INTO credentials_authorities VALUE (346,6);
INSERT INTO credentials_authorities VALUE (347,6);
INSERT INTO credentials_authorities VALUE (348,6);
INSERT INTO credentials_authorities VALUE (349,6);
INSERT INTO credentials_authorities VALUE (350,6);
INSERT INTO credentials_authorities VALUE (351,6);
INSERT INTO credentials_authorities VALUE (352,6);
INSERT INTO credentials_authorities VALUE (353,6);
INSERT INTO credentials_authorities VALUE (354,6);
INSERT INTO credentials_authorities VALUE (355,6);
INSERT INTO credentials_authorities VALUE (356,6);
INSERT INTO credentials_authorities VALUE (357,6);
INSERT INTO credentials_authorities VALUE (358,6);
INSERT INTO credentials_authorities VALUE (359,6);
INSERT INTO credentials_authorities VALUE (360,6);
INSERT INTO credentials_authorities VALUE (361,6);
INSERT INTO credentials_authorities VALUE (362,6);
INSERT INTO credentials_authorities VALUE (363,6);
INSERT INTO credentials_authorities VALUE (364,6);
INSERT INTO credentials_authorities VALUE (365,6);
INSERT INTO credentials_authorities VALUE (366,6);
INSERT INTO credentials_authorities VALUE (367,6);
INSERT INTO credentials_authorities VALUE (368,6);
INSERT INTO credentials_authorities VALUE (369,6);
INSERT INTO credentials_authorities VALUE (370,6);
INSERT INTO credentials_authorities VALUE (371,6);
INSERT INTO credentials_authorities VALUE (372,6);
INSERT INTO credentials_authorities VALUE (373,6);
INSERT INTO credentials_authorities VALUE (374,6);
INSERT INTO credentials_authorities VALUE (375,6);
INSERT INTO credentials_authorities VALUE (376,6);
INSERT INTO credentials_authorities VALUE (377,6);
INSERT INTO credentials_authorities VALUE (378,6);
INSERT INTO credentials_authorities VALUE (379,6);
INSERT INTO credentials_authorities VALUE (380,6);
INSERT INTO credentials_authorities VALUE (381,6);
INSERT INTO credentials_authorities VALUE (382,6);
INSERT INTO credentials_authorities VALUE (383,6);
INSERT INTO credentials_authorities VALUE (384,6);
INSERT INTO credentials_authorities VALUE (385,6);
INSERT INTO credentials_authorities VALUE (386,6);
INSERT INTO credentials_authorities VALUE (387,6);
INSERT INTO credentials_authorities VALUE (388,6);
INSERT INTO credentials_authorities VALUE (389,6);
INSERT INTO credentials_authorities VALUE (390,6);
INSERT INTO credentials_authorities VALUE (391,6);
INSERT INTO credentials_authorities VALUE (392,6);
INSERT INTO credentials_authorities VALUE (393,6);
INSERT INTO credentials_authorities VALUE (394,6);
INSERT INTO credentials_authorities VALUE (395,6);
INSERT INTO credentials_authorities VALUE (396,6);
INSERT INTO credentials_authorities VALUE (397,6);
INSERT INTO credentials_authorities VALUE (398,6);
INSERT INTO credentials_authorities VALUE (399,6);
INSERT INTO credentials_authorities VALUE (400,6);
INSERT INTO credentials_authorities VALUE (401,6);
INSERT INTO credentials_authorities VALUE (402,6);
INSERT INTO credentials_authorities VALUE (403,6);
INSERT INTO credentials_authorities VALUE (404,6);
INSERT INTO credentials_authorities VALUE (405,6);
INSERT INTO credentials_authorities VALUE (406,6);
INSERT INTO credentials_authorities VALUE (407,6);
INSERT INTO credentials_authorities VALUE (408,6);
INSERT INTO credentials_authorities VALUE (409,6);
INSERT INTO credentials_authorities VALUE (410,6);
INSERT INTO credentials_authorities VALUE (411,6);
INSERT INTO credentials_authorities VALUE (412,6);
INSERT INTO credentials_authorities VALUE (413,6);
INSERT INTO credentials_authorities VALUE (414,6);
INSERT INTO credentials_authorities VALUE (415,6);
INSERT INTO credentials_authorities VALUE (416,6);
INSERT INTO credentials_authorities VALUE (417,6);
INSERT INTO credentials_authorities VALUE (418,6);
INSERT INTO credentials_authorities VALUE (419,6);
INSERT INTO credentials_authorities VALUE (420,6);
INSERT INTO credentials_authorities VALUE (421,6);
INSERT INTO credentials_authorities VALUE (422,6);
INSERT INTO credentials_authorities VALUE (423,6);
INSERT INTO credentials_authorities VALUE (424,6);
INSERT INTO credentials_authorities VALUE (425,6);
INSERT INTO credentials_authorities VALUE (426,6);
INSERT INTO credentials_authorities VALUE (427,6);
INSERT INTO credentials_authorities VALUE (428,6);
INSERT INTO credentials_authorities VALUE (429,6);
INSERT INTO credentials_authorities VALUE (430,6);
INSERT INTO credentials_authorities VALUE (431,6);
INSERT INTO credentials_authorities VALUE (432,6);
INSERT INTO credentials_authorities VALUE (433,6);
INSERT INTO credentials_authorities VALUE (434,6);
INSERT INTO credentials_authorities VALUE (435,6);
INSERT INTO credentials_authorities VALUE (436,6);
INSERT INTO credentials_authorities VALUE (437,6);
INSERT INTO credentials_authorities VALUE (438,6);
INSERT INTO credentials_authorities VALUE (439,6);
INSERT INTO credentials_authorities VALUE (440,6);
INSERT INTO credentials_authorities VALUE (441,6);
INSERT INTO credentials_authorities VALUE (442,6);
INSERT INTO credentials_authorities VALUE (443,6);
INSERT INTO credentials_authorities VALUE (444,6);
INSERT INTO credentials_authorities VALUE (445,6);
INSERT INTO credentials_authorities VALUE (446,6);
INSERT INTO credentials_authorities VALUE (447,6);
INSERT INTO credentials_authorities VALUE (448,6);
INSERT INTO credentials_authorities VALUE (449,6);
INSERT INTO credentials_authorities VALUE (450,6);
INSERT INTO credentials_authorities VALUE (451,6);
INSERT INTO credentials_authorities VALUE (452,6);
INSERT INTO credentials_authorities VALUE (453,6);
INSERT INTO credentials_authorities VALUE (454,6);
INSERT INTO credentials_authorities VALUE (455,6);
INSERT INTO credentials_authorities VALUE (456,6);
INSERT INTO credentials_authorities VALUE (457,6);
INSERT INTO credentials_authorities VALUE (458,6);
INSERT INTO credentials_authorities VALUE (459,6);
INSERT INTO credentials_authorities VALUE (460,6);
INSERT INTO credentials_authorities VALUE (461,6);
INSERT INTO credentials_authorities VALUE (462,6);
INSERT INTO credentials_authorities VALUE (463,6);
INSERT INTO credentials_authorities VALUE (464,6);
INSERT INTO credentials_authorities VALUE (465,6);
INSERT INTO credentials_authorities VALUE (466,6);
INSERT INTO credentials_authorities VALUE (467,6);
INSERT INTO credentials_authorities VALUE (468,6);
INSERT INTO credentials_authorities VALUE (469,6);
INSERT INTO credentials_authorities VALUE (470,6);
INSERT INTO credentials_authorities VALUE (471,6);
INSERT INTO credentials_authorities VALUE (472,6);
INSERT INTO credentials_authorities VALUE (473,6);
INSERT INTO credentials_authorities VALUE (474,6);
INSERT INTO credentials_authorities VALUE (475,6);
INSERT INTO credentials_authorities VALUE (476,6);
INSERT INTO credentials_authorities VALUE (477,6);
INSERT INTO credentials_authorities VALUE (478,6);
INSERT INTO credentials_authorities VALUE (479,6);
INSERT INTO credentials_authorities VALUE (480,6);
INSERT INTO credentials_authorities VALUE (481,6);
INSERT INTO credentials_authorities VALUE (482,6);
INSERT INTO credentials_authorities VALUE (483,6);
INSERT INTO credentials_authorities VALUE (484,6);
INSERT INTO credentials_authorities VALUE (485,6);
INSERT INTO credentials_authorities VALUE (486,6);
INSERT INTO credentials_authorities VALUE (487,6);
INSERT INTO credentials_authorities VALUE (488,6);
INSERT INTO credentials_authorities VALUE (489,6);
INSERT INTO credentials_authorities VALUE (490,6);
INSERT INTO credentials_authorities VALUE (491,6);
INSERT INTO credentials_authorities VALUE (492,6);
INSERT INTO credentials_authorities VALUE (493,6);
INSERT INTO credentials_authorities VALUE (494,6);
INSERT INTO credentials_authorities VALUE (495,6);
INSERT INTO credentials_authorities VALUE (496,6);
INSERT INTO credentials_authorities VALUE (497,6);
INSERT INTO credentials_authorities VALUE (498,6);
INSERT INTO credentials_authorities VALUE (499,6);
INSERT INTO credentials_authorities VALUE (500,6);
INSERT INTO credentials_authorities VALUE (501,6);
INSERT INTO credentials_authorities VALUE (502,6);
INSERT INTO credentials_authorities VALUE (503,6);
INSERT INTO credentials_authorities VALUE (504,6);
INSERT INTO credentials_authorities VALUE (505,6);
INSERT INTO credentials_authorities VALUE (506,6);
INSERT INTO credentials_authorities VALUE (507,6);
INSERT INTO credentials_authorities VALUE (508,6);
INSERT INTO credentials_authorities VALUE (509,6);
INSERT INTO credentials_authorities VALUE (510,6);
INSERT INTO credentials_authorities VALUE (511,6);
INSERT INTO credentials_authorities VALUE (512,6);
INSERT INTO credentials_authorities VALUE (513,6);
INSERT INTO credentials_authorities VALUE (514,6);
INSERT INTO credentials_authorities VALUE (515,6);
INSERT INTO credentials_authorities VALUE (516,6);
INSERT INTO credentials_authorities VALUE (517,6);
INSERT INTO credentials_authorities VALUE (518,6);
INSERT INTO credentials_authorities VALUE (519,6);
INSERT INTO credentials_authorities VALUE (520,6);
INSERT INTO credentials_authorities VALUE (521,6);
INSERT INTO credentials_authorities VALUE (522,6);
INSERT INTO credentials_authorities VALUE (523,6);
INSERT INTO credentials_authorities VALUE (524,6);
INSERT INTO credentials_authorities VALUE (525,6);
INSERT INTO credentials_authorities VALUE (526,6);
INSERT INTO credentials_authorities VALUE (527,6);
INSERT INTO credentials_authorities VALUE (528,6);
INSERT INTO credentials_authorities VALUE (529,6);
INSERT INTO credentials_authorities VALUE (530,6);
INSERT INTO credentials_authorities VALUE (531,6);
INSERT INTO credentials_authorities VALUE (532,6);
INSERT INTO credentials_authorities VALUE (533,6);
INSERT INTO credentials_authorities VALUE (534,6);
INSERT INTO credentials_authorities VALUE (535,6);
INSERT INTO credentials_authorities VALUE (536,6);
INSERT INTO credentials_authorities VALUE (537,6);
INSERT INTO credentials_authorities VALUE (538,6);
INSERT INTO credentials_authorities VALUE (539,6);
INSERT INTO credentials_authorities VALUE (540,6);
INSERT INTO credentials_authorities VALUE (541,6);
INSERT INTO credentials_authorities VALUE (542,6);
INSERT INTO credentials_authorities VALUE (543,6);
INSERT INTO credentials_authorities VALUE (544,6);
INSERT INTO credentials_authorities VALUE (545,6);
INSERT INTO credentials_authorities VALUE (546,6);
INSERT INTO credentials_authorities VALUE (547,6);
INSERT INTO credentials_authorities VALUE (548,6);
INSERT INTO credentials_authorities VALUE (549,6);
INSERT INTO credentials_authorities VALUE (550,6);
INSERT INTO credentials_authorities VALUE (551,6);
INSERT INTO credentials_authorities VALUE (552,6);
INSERT INTO credentials_authorities VALUE (553,6);
INSERT INTO credentials_authorities VALUE (554,6);



INSERT INTO oauth_client_details VALUES('curl_client','product_api', '$2a$10$BurTWIy5NTF9GJJH4magz.9Bd4bBurWYG8tmXxeQh1vs7r/wnCFG2', 'read,write', 'client_credentials', 'http://127.0.0.1', 'ROLE_PRODUCT_ADMIN', 7200, 0, NULL, 'true');
INSERT INTO oauth_client_details VALUES('root','public,secret', '$2a$10$/wRQk2cqHy8iNdwjL9Oi4OJxryHtgd9Vhr9lW.OfYU7Eo1zvgos/G', 'read,write', 'client_credentials', 'http://127.0.0.1', 'ROLE_TALENT_ADMIN', 7200, 0, NULL, 'true');
INSERT INTO oauth_client_details VALUES('normal','public', '$2a$10$Jtl1jNwzt8zKt2LiBnmVu.orQ.JYTxEZkCKEpQChSgUNw2nYolmSS', 'read', 'client_credentials', 'http://127.0.0.1', 'ROLE_TALENT_NORMAL', 7200, 0, NULL, 'true');
INSERT INTO oauth_client_details VALUES('test','product_api', '$2a$10$/wRQk2cqHy8iNdwjL9Oi4OJxryHtgd9Vhr9lW.OfYU7Eo1zvgos/G', 'read,write', 'authorization_code', 'http://127.0.0.1/oauth/code', 'ROLE_PRODUCT_ADMIN', 7200, 0, NULL, 'true');
INSERT INTO oauth_client_details VALUES('talent','talent', '$2a$10$/wRQk2cqHy8iNdwjL9Oi4OJxryHtgd9Vhr9lW.OfYU7Eo1zvgos/G', 'read,write', 'authorization_code', 'http://210.14.118.96:8010/code', 'ROLE_PRODUCT_ADMIN', 7200, 0, NULL, 'true');
INSERT INTO oauth_client_details VALUES('kexie','kexie', '$2a$10$/wRQk2cqHy8iNdwjL9Oi4OJxryHtgd9Vhr9lW.OfYU7Eo1zvgos/G', 'read,write', 'authorization_code', 'http://210.14.118.96/ep/cookie.html', 'ROLE_PRODUCT_ADMIN', 7200, 0, NULL, 'true');
*/